time,neuron_1,neuron_2,neuron_3,neuron_4,neuron_5,neuron_6,neuron_7,neuron_8,neuron_9,neuron_10,neuron_11,neuron_12,neuron_13,neuron_14,neuron_15,neuron_16,neuron_17,neuron_18,neuron_19,neuron_20,neuron_21,neuron_22,neuron_23,neuron_24,neuron_25,neuron_26,neuron_27,neuron_28,neuron_29,neuron_30,neuron_31,neuron_32,neuron_33,neuron_34,neuron_35,neuron_36,
0,0,0,0,0,0,0,0,0,0,0,0,0,0,0,0,0,0,0,0,0,0,0,0,0,0,0,0,0,0,0,0,0,0,0,0,0,
1.4e-07,0,0,0,0,0,0,0,0.03451,0.01713,0.02018,0.02631,0.02374,0,0,0,0,0,0,0,0,0,0,0,0,0,0,0,0,0,0,0,0.03451,0.01713,0.02018,0.02631,0.02374,
2.014e-05,0.12,0,0,0.04,0,0,0,0.09451,0.15426,0.08018,0.02631,0.16748,0,0,0,0,0,0,0.1,0.06,0.06,0.06,0.06,0,0,0.06,0.12,0,0.12,0.06,0.04,0.09451,0.15426,0.08018,0.02631,0.04748,
4.014e-05,0.12,0.04,0.1,0.14,0,0,0,0.12902,0.17139,0.10036,0.05262,0.31122,0.04,0,0,0.06,0.06,0.06,0.2,0,0.06,0,0,0,0.1,0.06,0.12,0,0.12,0.06,0,0.12902,0.17139,0.02018,0.05262,0.02374,
6.014e-05,0.24,0.04,0,0.12,0.04,0,0.1,0.16353,0.18852,0.24054,0.02631,0.45496,0,0.12,0.12,0.18,0.06,0,0.3,0.12,0.06,0.12,0,0.06,0.2,0.06,0.24,0,0,0.06,0,0.04353,0.18852,0.08018,0.08631,0.02374,
8.014e-05,0.36,0.02,0,0.1,0,0.1,0.08,0.19804,0.20565,0.14072,0.08631,0.5987,0.04,0.12,0.24,0.06,0,0.06,0.28,0.24,0.06,0,0,0.06,0.06,0.06,0.12,0.06,0,0,0,0.07804,0.08565,0.02018,0.02631,0.04748,
0.00010014,0.48,0,0,0.08,0,0,0.18,0.23255,0.22278,0.1609,0.02631,0.62244,0,0,0.36,0.06,0.12,0.06,0.26,0.36,0.18,0.06,0.12,0.18,0.04,0.06,0.12,0.06,0.06,0.12,0,0.03451,0.10278,0.16036,0.05262,0.19122,
0.00012014,0.48,0,0.04,0.06,0.04,0,0.28,0.26706,0.11991,0.18108,0.02631,0.64618,0,0.06,0.36,0.06,0.24,0.06,0.24,0.48,0.3,0.06,0.12,0.18,0.04,0.06,0.12,0.06,0.06,0.12,0.1,0.03451,0.23991,0.18054,0.02631,0.09496,
0.00014014,0.48,0,0,0.04,0,0,0.14,0.18157,0.13704,0.08126,0.17262,0.54992,0,0,0.24,0.06,0.24,0.18,0.22,0.48,0.3,0.18,0,0.06,0,0.06,0.12,0.06,0.06,0,0,0.18902,0.25704,0.20072,0.08631,0.02374,
0.00016014,0.48,0,0.1,0,0,0.1,0.24,0.21608,0.27417,0.10144,0.31893,0.69366,0.1,0,0.24,0.18,0.12,0.3,0.2,0.6,0.3,0.3,0.06,0.06,0.1,0.18,0,0.18,0.06,0.12,0.1,0.22353,0.27417,0.1009,0.11262,0.16748,
0.00018014,0.48,0.04,0.08,0,0,0.2,0.34,0.37059,0.2913,0.12162,0.34524,0.8374,0.08,0,0.24,0.18,0.12,0.42,0.3,0.6,0.3,0.42,0.06,0,0.2,0.3,0.12,0.18,0.18,0,0.08,0.37804,0.1713,0.24108,0.13893,0.07122,
0.00020014,0.6,0.14,0.06,0.1,0.1,0.18,0.32,0.4051,0.18843,0.0218,0.49155,0.98114,0.06,0.06,0.12,0.18,0,0.42,0.28,0.48,0.3,0.3,0,0,0.3,0.3,0,0.3,0.06,0,0,0.41255,0.18843,0.26126,0.28524,0.09496,
0.00021014,0.54,0.08,0,0.04,0.04,0.24,0.38,0.4651,0.12843,0,0.43155,0,0,0.12,0.06,0.24,0,0.48,0.34,0.54,0.36,0.24,0,0,0.24,0.24,0,0.24,0.12,0,0,0.47255,0.12843,0.32126,0.22524,0.03496,
0.00022014,0.48,0,0,0.08,0.08,0.28,0.3,0.43961,0.08556,0.02018,0.39786,0.06,0.04,0.18,0,0.3,0.06,0.54,0.38,0.48,0.3,0.3,0.06,0,0.28,0.3,0,0.3,0.06,0,0.04,0.56706,0.20556,0.40144,0.31155,0.1187,
0.00024014,0.6,0,0,0.18,0.18,0.26,0.16,0.47412,0.10269,0.02018,0.42417,0.18,0.14,0.18,0,0.42,0,0.66,0.24,0.6,0.18,0.18,0,0,0.26,0.3,0,0.3,0,0,0.02,0.60157,0.10269,0.54162,0.33786,0.02374,
0.00026014,0.72,0,0,0.16,0.16,0.36,0.02,0.50863,0.11982,0.08018,0.45048,0.18,0.12,0.18,0,0.42,0.12,0.78,0.22,0.72,0.18,0.06,0,0.06,0.12,0.3,0.12,0.3,0.06,0,0.04,0.63608,0.11982,0.4418,0.36417,0.08374,
0.00028014,0.6,0.1,0.1,0.14,0.02,0.34,0,0.42314,0.13695,0.02018,0.47679,0.3,0.22,0.18,0.12,0.42,0.24,0.9,0.08,0.72,0.18,0,0.06,0.06,0.1,0.18,0.24,0.3,0,0.06,0.02,0.55059,0.13695,0.34198,0.27048,0.10748,
0.00030014,0.48,0.2,0.08,0.12,0.04,0.2,0.1,0.45765,0.15408,0.08018,0.6231,0.42,0.2,0.18,0.24,0.54,0.36,0.9,0.18,0.72,0.18,0,0,0.06,0,0.18,0.36,0.3,0.06,0,0,0.5851,0.15408,0.36216,0.17679,0.13122,
0.00032014,0.48,0.06,0,0.1,0.14,0.06,0.08,0.49216,0.17121,0.02018,0.52941,0.54,0.3,0.3,0.24,0.54,0.24,0.78,0.04,0.72,0.18,0.06,0,0.18,0.1,0.3,0.36,0.3,0,0.06,0,0.73961,0.17121,0.50234,0.2031,0.15496,
0.00034014,0.48,0.04,0,0.08,0.12,0.04,0,0.52667,0.18834,0.16036,0.55572,0.54,0.28,0.42,0.12,0.54,0.24,0.9,0.14,0.6,0.3,0.18,0.06,0.18,0.08,0.3,0.48,0.18,0.06,0.18,0.04,0.89412,0.18834,0.52252,0.22941,0.2987,
0.00036014,0.48,0.02,0.1,0.06,0,0.02,0.1,0.44118,0.20547,0.18054,0.58203,0.54,0.26,0.3,0.12,0.54,0.24,0.78,0.12,0.72,0.18,0.3,0,0.18,0.18,0.3,0.48,0.18,0,0.3,0.02,0,0.20547,0.5427,0.25572,0.20244,
0.00036014,0.48,0.02,0.1,0.06,0,0.02,0.1,0.44118,0.20547,0.18054,0.58203,0.54,0.26,0.3,0.12,0.54,0.24,0.78,0.12,0.72,0.18,0.3,0,0.18,0.18,0.3,0.48,0.18,0,0.3,0.02,0,0.20547,0.5427,0.25572,0.20244,
0.00038014,0.6,0,0.2,0.16,0,0,0.08,0.35569,0.3426,0.08072,0.48834,0.54,0.36,0.3,0.12,0.42,0.24,0.78,0.22,0.6,0.06,0.18,0,0.18,0.16,0.18,0.48,0.18,0.06,0.3,0.12,0,0.1026,0.68288,0.40203,0.10618,
0.00040014,0.6,0.04,0.3,0.02,0.1,0,0,0.2702,0.35973,0.2209,0.51465,0.42,0.46,0.3,0.12,0.3,0.36,0.9,0.2,0.6,0.06,0.3,0,0.18,0.14,0.3,0.36,0.06,0.18,0.3,0.1,0,0.23973,0.70306,0.30834,0.12992,
0.00042014,0.6,0.14,0.28,0,0.08,0.04,0,0.42471,0.37686,0.24108,0.54096,0.42,0.32,0.18,0.12,0.3,0.36,0.9,0.18,0.72,0.06,0.18,0,0.18,0,0.3,0.24,0.06,0.18,0.42,0,0.12,0.25686,0.72324,0.33465,0.15366,
0.00044014,0.48,0.12,0.26,0.04,0.06,0.02,0.04,0.45922,0.51399,0.38126,0.56727,0.54,0.18,0.3,0.24,0.3,0.48,0.9,0.16,0.84,0.06,0.18,0,0.3,0.1,0.3,0.12,0.06,0.3,0.3,0,0,0.15399,0.74342,0.48096,0.0574,
0.00046014,0.36,0.1,0.12,0,0.04,0.12,0.04,0.37373,0.65112,0.40144,0.47358,0.54,0.16,0.3,0.24,0.3,0.6,0.9,0.02,0.72,0.06,0.3,0,0.18,0.2,0.42,5.55112e-17,0.06,0.3,0.3,0,0,0.17112,0.8836,0.62727,0.20114,
0.00048014,0.48,0,0.1,0,0.02,0,0.02,0.28824,0.78825,0.30162,0.49989,0.66,0.14,0.3,0.24,0.3,0.72,0,0.12,0.72,0.06,0.18,0,0.18,0.3,0.42,0,0,0.42,0.3,0.04,0.06,0.18825,0.78378,0.77358,0.34488,
0.00048014,0.48,0,0.1,0,0.02,0,0.02,0.28824,0.78825,0.30162,0.49989,0.66,0.14,0.3,0.24,0.3,0.72,0,0.12,0.72,0.06,0.18,0,0.18,0.3,0.42,0,0,0.42,0.3,0.04,0.06,0.18825,0.78378,0.77358,0.34488,
0.00050014,0.36,0.04,0.08,0,0.12,0.1,0.12,0.32275,0.92538,0.3218,0.5262,0.54,0.12,0.42,0.12,0.3,0.72,0.12,0.1,0.6,0.06,0.18,0,0.18,0.28,0.42,0.06,0.06,0.54,0.18,0.04,0,0.20538,0.80396,0.67989,0.36862,
0.00052014,0.36,0.02,0.06,0,0.22,0.08,0.22,0.47726,0,0.34198,0.67251,0.42,0.1,0.42,0.12,0.3,0.72,0.12,0,0.6,0,0.18,0.12,0.18,0.14,0.42,0.18,0.18,0.42,0.18,0,0.12,0.34251,0.82414,0.7062,0.39236,
0.00052014,0.36,0.02,0.06,0,0.22,0.08,0.22,0.47726,0,0.34198,0.67251,0.42,0.1,0.42,0.12,0.3,0.72,0.12,0,0.6,0,0.18,0.12,0.18,0.14,0.42,0.18,0.18,0.42,0.18,0,0.12,0.34251,0.82414,0.7062,0.39236,
0.00054014,0.48,0,0.16,0.1,0.2,0,0.2,0.63177,0.06,0.48216,0.69882,0.54,0.2,0.54,0.12,0.42,0.84,0.24,0,0.48,0.06,0.06,0.12,0.3,0,0.42,0.06,0.3,0.42,0.06,0,0.12,0.35964,0.84432,0.61251,0.2961,
0.00056014,0.36,0.1,0.14,0,0.3,0.1,0.3,0.66628,0.06,0.50234,0.60513,0.54,0.3,0.42,0.12,0.3,0.72,0.24,0,0.48,0,0.06,0.12,0.18,0.04,0.42,0.18,0.3,0.42,0,0,0,0.49677,0.9845,0.63882,0.43984,
0.00058014,0.36,0.2,0,0,0.28,0,0.16,0.70079,0.06,0.52252,0.63144,0.42,0.16,0.54,0,0.3,0.72,0.12,0,0.48,0,0.06,0.24,0.18,0.02,0.54,0.18,0.42,0.42,0.06,0.1,0,0.6339,0.88468,0.78513,0.46358,
0.00060014,0.48,0.3,0.04,0.04,0.38,0,0.14,0.6153,0.18,0.4227,0.65775,0.42,0.14,0.54,0.12,0.3,0.72,0.12,0,0.48,0.06,0.06,0.24,0.18,0.04,0.54,0.3,0.42,0.42,0,0.08,0.06,0.53103,0,0.81144,0.36732,
0.00060014,0.48,0.3,0.04,0.04,0.38,0,0.14,0.6153,0.18,0.4227,0.65775,0.42,0.14,0.54,0.12,0.3,0.72,0.12,0,0.48,0.06,0.06,0.24,0.18,0.04,0.54,0.3,0.42,0.42,0,0.08,0.06,0.53103,0,0.81144,0.36732,
0.00062014,0.36,0.28,0,0.02,0.36,0,0.12,0.64981,0.3,0.32288,0.80406,0.42,0,0.54,0,0.3,0.84,0.12,0,0.48,0,0.06,0.24,0.06,0.04,0.66,0.18,0.54,0.42,0,0.06,0,0.54816,0,0.83775,0.39106,
0.00064014,0.36,0.14,0.1,0.12,0.34,0,0.22,0.68432,0.3,0.46306,0.83037,0.54,0.04,0.66,0.12,0.3,0.96,0.12,0,0.48,0,0.06,0.24,0,0,0.66,0.3,0.66,0.42,0,0,0.12,0.68529,0,0.74406,0.5348,
0.00065014,0.3,0.08,0.16,0.18,0.28,0,0.16,0.74432,0.24,0.40306,0.77037,0.6,0,0.6,0.06,0.36,0,0.18,0,0.42,0.06,0,0.3,0,0,0.72,0.36,0.6,0.48,0,0,0.06,0.74529,0,0.80406,0.4748,
0.00066014,0.36,0.12,0.2,0.22,0.2,0,0.2,0.83883,0.18,0.36324,0.73668,0.66,0,0.54,0.12,0.42,0.06,0.24,0.04,0.48,0.12,0.06,0.24,0.06,0,0.66,0.3,0.66,0.42,0,0.04,0.12,0.70242,0,0.77037,0.43854,
0.00068014,0.36,0.22,0.3,0.2,0.3,0.1,0.18,0.99334,0.18,0.26342,0.76299,0.66,0.1,0.66,0,0.54,0.18,0.36,0.04,0.36,0.24,0.06,0.36,0.06,0.1,0.78,0.42,0.54,0.42,0.12,0.04,0.24,0.83955,0,0.91668,0.58228,
0.00069014,0.3,0.28,0.36,0.26,0.24,0.04,0.24,0,0.24,0.20342,0.82299,0.6,0.16,0.6,0.06,0.6,0.24,0.42,0,0.42,0.3,0,0.42,0,0.04,0.84,0.36,0.6,0.36,0.06,0.1,0.3,0.77955,0.06,0.85668,0.52228,
0.00070014,0.24,0.2,0.4,0.18,0.28,0,0.28,0.06,0.3,0.1636,0.7893,0.54,0.2,0.66,0,0.66,0.18,0.48,0,0.36,0.36,0.06,0.36,0.06,0.08,0.9,0.3,0.66,0.3,0,0.02,0.24,0.85668,0.12,0.94299,0.48602,
0.00072014,0.12,0.18,0.38,0.04,0.26,0,0.14,0,0.42,0.18378,0.81561,0.54,0.18,0.54,0,0.54,0.3,0.48,0.1,0.48,0.36,0.06,0.24,0.06,0.06,0.78,0.42,0.78,0.42,0.06,0.04,0.36,0.87381,0.12,0.8493,0.62976,
0.00074014,0.12,0.04,0.36,0.04,0.24,0.1,0.24,0,0.54,0.08396,0.84192,0.54,0.16,0.54,0.12,0.54,0.42,0.48,0,0.48,0.48,0,0.24,0.18,0.16,0.78,0.54,0.9,0.42,0.06,0.04,0.48,0.89094,0.24,0.87561,0.6535,
0.00076014,0.12,0.02,0.46,0,0.22,0.08,0.34,0,0.54,0.10414,0.74823,0.66,0.14,0.54,0,0.66,0.42,0.36,0,0.48,0.36,0.12,0.36,0.3,0.02,0.9,0.54,0,0.42,0.06,0.04,0.6,0.78807,0.36,0.78192,0.67724,
0.00076014,0.12,0.02,0.46,0,0.22,0.08,0.34,0,0.54,0.10414,0.74823,0.66,0.14,0.54,0,0.66,0.42,0.36,0,0.48,0.36,0.12,0.36,0.3,0.02,0.9,0.54,0,0.42,0.06,0.04,0.6,0.78807,0.36,0.78192,0.67724,
0.00078014,0.12,0.04,0.44,0,0.2,0.06,0.32,0,0.54,0.02018,0.77454,0.66,0,0.42,0.12,0.66,0.42,0.48,0,0.6,0.36,0,0.24,0.3,0.04,0.9,0.42,0,0.42,0,0.04,0.48,0.8052,0.48,0.80823,0.70098,
0.00080014,0.12,0.02,0.42,0,0.06,0.04,0.42,0,0.54,0.16036,0.68085,0.54,0.04,0.42,0.12,0.78,0.42,0.36,0.1,0.6,0.36,0.06,0.36,0.18,0.02,0,0.42,0.12,0.54,0,0.14,0.48,0.94233,0.48,0.71454,0.84472,
0.00080014,0.12,0.02,0.42,0,0.06,0.04,0.42,0,0.54,0.16036,0.68085,0.54,0.04,0.42,0.12,0.78,0.42,0.36,0.1,0.6,0.36,0.06,0.36,0.18,0.02,0,0.42,0.12,0.54,0,0.14,0.48,0.94233,0.48,0.71454,0.84472,
0.00081014,0.18,0.08,0.36,0.06,0,0.1,0.48,0.06,0.48,0.10036,0.74085,0.6,0,0.48,0.06,0.72,0.48,0.42,0.16,0.54,0.42,0,0.3,0.24,0,0.06,0.48,0.18,0.48,0.06,0.2,0.54,0,0.42,0.77454,0.90472,
0.00082014,0.12,0.12,0.28,0.1,0.04,0.02,0.52,0.12,0.54,0.18054,0.82716,0.66,0.04,0.54,0.12,0.66,0.42,0.36,0.08,0.48,0.36,0,0.24,0.18,0,0.12,0.42,0.12,0.54,0,0.24,0.6,0.06,0.48,0.86085,0.98846,
0.00084014,0.12,0.22,0.14,0.08,0,0,0.5,0.24,0.54,0.08072,0.97347,0.66,0.04,0.54,0,0.54,0.3,0.24,0.06,0.48,0.36,0,0.12,0.06,0.1,0,0.42,0.12,0.42,0.12,0.22,0.72,0,0.48,0.76716,0.8922,
0.00085014,0.06,0.16,0.2,0.14,0.06,0,0.44,0.18,0.6,0.14072,0,0.72,0,0.48,0.06,0.6,0.36,0.18,0.12,0.54,0.42,0.06,0.06,0.12,0.16,0,0.36,0.18,0.48,0.18,0.28,0.78,0,0.54,0.82716,0.8322,
0.00086014,5.55112e-17,0.08,0.12,0.18,0.1,0.04,0.48,0.12,0.66,0.1009,0.06,0.78,0.04,0.42,0,0.66,0.3,0.24,0.04,0.48,0.36,0.12,0.12,0.06,0.2,0,0.42,0.24,0.54,0.24,0.32,0.84,0.06,0.6,0.79347,0.91594,
0.00088014,0.12,0.06,0.22,0.16,0.08,0.02,0.34,0.12,0.78,0.12108,0,0.78,0.14,0.3,0.12,0.66,0.3,0.24,0.02,0.6,0.48,0.24,0.12,0.18,0.06,0.06,0.54,0.24,0.54,0.12,0.18,0.72,0.06,0.6,0.81978,0,
0.00088014,0.12,0.06,0.22,0.16,0.08,0.02,0.34,0.12,0.78,0.12108,0,0.78,0.14,0.3,0.12,0.66,0.3,0.24,0.02,0.6,0.48,0.24,0.12,0.18,0.06,0.06,0.54,0.24,0.54,0.12,0.18,0.72,0.06,0.6,0.81978,0,
0.00090014,5.55112e-17,0.04,0.32,0.14,0.06,0.04,0.32,0.12,0.66,0.02126,0,0.78,0.12,0.3,0,0.78,0.3,0.24,0.04,0.48,0.36,0.12,0,0.18,0.04,0,0.54,0.24,0.42,0.24,0.16,0.6,0,0.48,0.84609,0,
0.00092014,0.12,0.02,0.18,0.12,0,0.14,0.42,0.12,0.66,0.08018,0,0.9,0.1,0.42,0,0.78,0.3,0.36,0,0.48,0.36,0.24,0,0.06,0.04,0.12,0.54,0.12,0.42,0.24,0.14,0.72,0,0.6,0.9924,0,
0.00094014,0.12,0,0.28,0,0.1,0,0.4,0.12,0.66,0.22036,0,0.9,0.08,0.3,0.06,0.66,0.18,0.48,0.04,0.48,0.36,0.24,0,0,0.02,0.12,0.66,0.24,0.3,0.12,0,0.6,0,0.6,0.89871,0.06,
0.00096014,5.55112e-17,0.04,0.26,0,0.08,0.04,0.26,0,0.66,0.36054,0.12,0.78,0.18,0.3,0,0.66,0.06,0.6,0.14,0.6,0.48,0.12,0,0.12,0,0.12,0.54,0.24,0.3,0,0.1,0.48,0,0.72,0.92502,0.06,
0.00098014,0.06,0.02,0.24,0.1,0.06,0.02,0.24,0.06,0.66,0.38072,0.12,0.66,0.16,0.3,0.06,0.54,0.18,0.48,0.12,0.48,0.48,0,0.12,0.12,0,0.12,0.42,0.36,0.3,0.06,0.2,0.36,0.12,0.72,0.95133,0.06,
0.00100014,0.06,0.04,0.34,0.08,0.04,0.04,0.1,0,0.78,0.5209,0,0.54,0.02,0.3,0,0.54,0.06,0.6,0.22,0.48,0.6,0,0,0.12,0.1,0.24,0.54,0.48,0.3,0,0.18,0.48,0.12,0.6,0.85764,0,
0.00102014,0.06,0.14,0.2,0.06,0.02,0.04,0,0,0.9,0.42108,0,0.42,0.04,0.3,0,0.42,0.06,0.6,0.2,0.6,0.6,0,0,0,0,0.24,0.66,0.48,0.42,0.06,0.04,0.6,0.12,0.6,0.76395,0.06,
0.00104014,0.06,0.12,0.18,0.04,0.04,0,0.04,0.06,0.9,0.32126,0,0.42,0.02,0.3,0,0.42,0,0.6,0.18,0.48,0.6,0,0,0,0,0.24,0.66,0.48,0.42,0.06,0.14,0.72,0.12,0.48,0.79026,0,
0.00106014,0,0.1,0.16,0.14,0.02,0,0.02,0,0.78,0.34144,0,0.3,0.12,0.3,0.06,0.42,0.12,0.72,0.16,0.48,0.6,0.06,0,0,0,0.24,0.66,0.36,0.3,0.18,0.24,0.72,0.24,0.48,0.69657,0,
0.00108014,0,0.08,0.02,0,0.04,0,0,0.06,0.66,0.36162,0.12,0.3,0.22,0.42,0.18,0.3,0,0.84,0.26,0.48,0.6,0.06,0,0,0,0.12,0.66,0.48,0.42,0.06,0.22,0.6,0.24,0.48,0.72288,0,
0.00110014,0,0.06,0,0,0.02,0.1,0.1,0,0.78,0.3818,0.24,0.18,0.2,0.3,0.3,0.18,0.06,0.96,0.36,0.36,0.48,0.06,0,0.06,0.1,0.12,0.78,0.36,0.42,0.18,0.32,0.72,0.24,0.6,0.86919,0.12,
0.00112014,0,0.04,0,0,0,0.08,0,0,0.66,0.40198,0.36,0.18,0.18,0.18,0.3,0.3,0.06,0.84,0.34,0.24,0.36,0.18,0,0.06,0.08,0.24,0.9,0.36,0.3,0.18,0.3,0.72,0.36,0.72,0.8955,0.24,
0.00114014,0,0.02,0.1,0.04,0.1,0,0.1,0,0.78,0.30216,0.36,0.18,0.16,0.18,0.3,0.3,0.06,0.72,0.2,0.24,0.36,0.3,0.06,0,0.06,0.36,0.9,0.24,0.18,0.06,0.16,0.72,0.24,0.72,0.80181,0.24,
0.00116014,0.12,0,0.08,0,0.08,0.04,0.08,0,0.78,0.20234,0.48,0.18,0.14,0.3,0.42,0.3,0.18,0.6,0.3,0.12,0.36,0.3,0.06,0,0.04,0.36,0.78,0.12,0.18,0,0.26,0.84,0.24,0.72,0.94812,0.12,
0.00117014,0.06,0.06,0.14,0,0.02,0,0.14,0.06,0.72,0.14234,0.42,0.24,0.08,0.36,0.36,0.36,0.24,0.66,0.24,0.18,0.3,0.36,0,0.06,0,0.3,0.84,0.18,0.24,0.06,0.2,0.9,0.3,0.66,0,0.06,
0.00118014,0,0,0.18,0.04,0,0,0.18,0,0.78,0.10252,0.48,0.18,0.12,0.42,0.3,0.3,0.18,0.72,0.28,0.12,0.36,0.42,0.06,0.12,0,0.24,0.78,0.12,0.3,0.12,0.12,0.84,0.36,0.6,0.06,0,
0.00120014,0.12,0,0.04,0,0,0,0.16,0.06,0.78,0.2427,0.6,0.18,0.1,0.42,0.42,0.3,0.3,0.72,0.38,0.12,0.48,0.42,0.06,0.12,0.04,0.12,0.9,0.12,0.42,0,0,0.84,0.24,0.48,0,0.06,
0.00122014,0.12,0.04,0.14,0,0.04,0,0.14,0.06,0.9,0.38288,0.6,0.3,0.08,0.42,0.42,0.42,0.42,0.72,0.48,0.24,0.6,0.42,0,0.12,0,0,0.9,0.12,0.42,0,0.04,0.84,0.24,0.48,0.06,0.06,
0.00124014,0,0,0.12,0.1,0.04,0,0.12,0.06,0.9,0.40306,0.72,0.3,0,0.42,0.42,0.42,0.3,0.72,0.46,0.24,0.48,0.54,0,0,0,0.06,0.78,0.12,0.42,0.06,0,0.96,0.12,0.48,0.06,0,
0.00126014,0.06,0,0.1,0,0,0,0.1,0.18,0.9,0.42324,0.72,0.18,0,0.3,0.42,0.54,0.42,0.6,0.44,0.36,0.36,0.54,0,0.06,0.04,0.18,0.66,0.24,0.54,0.06,0.04,0,0.12,0.6,0.18,0,
0.00128014,0.06,0.1,0.2,0,0.04,0.04,0,0.18,0.78,0.44342,0.72,0.06,0,0.42,0.42,0.66,0.3,0.72,0.54,0.24,0.24,0.54,0,0,0.02,0.06,0.54,0.24,0.54,0.06,0.04,0.12,0.12,0.6,0.18,0.06,
0.00130014,0.06,0.2,0.3,0,0.14,0,0,0.18,0.78,0.3436,0.84,0.18,0.04,0.3,0.54,0.66,0.42,0.84,0.52,0.36,0.36,0.54,0.06,0,0,0.18,0.42,0.24,0.66,0.18,0.14,0,0.24,0.48,0.18,0.06,
0.00132014,0.06,0.18,0.28,0.1,0.12,0,0.04,0.18,0.78,0.36378,0.72,0.18,0.04,0.3,0.42,0.78,0.3,0.84,0.38,0.36,0.36,0.66,0.06,0,0.04,0.18,0.54,0.12,0.78,0.3,0,0.12,0.24,0.6,0.18,0,
0.00134014,0.18,0.04,0.14,0.08,0.1,0,0.04,0.3,0.78,0.38396,0.84,0.18,0.14,0.18,0.42,0.66,0.18,0.96,0.36,0.48,0.36,0.66,0.06,0.12,0.02,0.3,0.66,0.12,0.66,0.42,0.04,0,0.12,0.6,0.3,0.12,
0.00136014,0.18,0,0.12,0.18,0.2,0.04,0.04,0.42,0.66,0.40414,0.84,0.3,0.12,0.3,0.42,0.66,0.3,0.84,0.34,0.48,0.24,0.66,0.06,0.12,0,0.3,0.54,0.12,0.66,0.42,0,0.12,0.12,0.6,0.42,0.24,
0.00138014,0.18,0.04,0.1,0.04,0.18,0.14,0,0.3,0.66,0.42432,0.84,0.42,0,0.3,0.3,0.54,0.3,0.84,0.44,0.48,0.12,0.66,0.18,0.12,0.04,0.3,0.54,0.12,0.54,0.42,0.1,0.12,0.24,0.6,0.42,0.36,
0.00140014,0.18,0.14,0,0,0.04,0.24,0.04,0.3,0.66,0.4445,0.96,0.54,0,0.3,0.42,0.54,0.18,0.84,0.42,0.48,0.24,0.54,0.18,0.12,0.14,0.42,0.66,0,0.54,0.54,0.2,0,0.12,0.6,0.42,0.24,
0.00142014,0.06,0.24,0.04,0,0.14,0.22,0,0.42,0.66,0.46468,0,0.54,0,0.3,0.3,0.54,0.18,0.84,0.28,0.48,0.12,0.54,0.18,0.12,0,0.42,0.66,0,0.54,0.66,0.18,0,0.12,0.72,0.54,0.24,
0.00144014,0,0.22,0.14,0,0.12,0.2,0.04,0.42,0.78,0.36486,0,0.66,0,0.42,0.3,0.66,0.3,0.96,0.14,0.48,0.12,0.66,0.18,0.12,0.04,0.54,0.54,0.12,0.54,0.66,0.04,0.06,0.12,0.84,0.66,0.36,
0.00146014,0.06,0.2,0,0.04,0.1,0.18,0,0.42,0.66,0.38504,0,0.78,0,0.54,0.42,0.66,0.18,0,0.24,0.36,0.12,0.66,0.18,0.12,0.14,0.42,0.54,0.12,0.66,0.66,0,0.18,0,0.96,0.54,0.24,
0.00148014,0.06,0.18,0.1,0,0.2,0.16,0.1,0.42,0.78,0.40522,0.06,0.9,0.1,0.54,0.42,0.78,0.18,0.06,0.34,0.48,0.12,0.66,0.3,0,0.12,0.3,0.54,0.24,0.66,0.66,0.04,0.06,0.12,0.96,0.54,0.24,
0.00150014,0.06,0.16,0.08,0.1,0.3,0.26,0.08,0.54,0.66,0.3054,0.18,0,0.08,0.42,0.42,0.9,0.18,0,0.44,0.48,5.55112e-17,0.78,0.42,0,0.1,0.42,0.54,0.24,0.54,0.54,0.04,0,0.24,0.96,0.66,0.24,
0.00152014,0,0.14,0.06,0.08,0.4,0.36,0.18,0.42,0.66,0.20558,0.06,0.06,0.18,0.42,0.54,0.9,0.18,0,0.42,0.6,0.12,0.9,0.42,0,0.08,0.42,0.42,0.24,0.66,0.42,0.02,0,0.24,0.84,0.54,0.36,
0.00154014,0,0.12,0.16,0,0.5,0.46,0.16,0.42,0.66,0.22576,0,0.06,0.16,0.42,0.42,0.78,0.06,0,0.4,0.72,0.24,0.9,0.3,0.06,0,0.3,0.42,0.36,0.66,0.42,0,0.06,0.12,0.84,0.42,0.36,
0.00156014,0,0,0.02,0.04,0.48,0.32,0.14,0.42,0.54,0.24594,0.06,0.06,0.26,0.3,0.54,0.66,0.18,0,0.38,0.84,0.24,0.9,0.42,0.18,0.04,0.3,0.3,0.36,0.78,0.42,0,0.06,0,0.84,0.42,0.48,
0.00158014,0,0,0,0.04,0.58,0.3,0.12,0.42,0.54,0.38612,0.06,0.06,0.24,0.3,0.66,0.54,0.06,0,0.36,0.72,0.36,0,0.42,0.18,0.14,0.3,0.3,0.24,0.78,0.3,0.1,0.06,0,0.72,0.3,0.48,
0.00158014,0,0,0,0.04,0.58,0.3,0.12,0.42,0.54,0.38612,0.06,0.06,0.24,0.3,0.66,0.54,0.06,0,0.36,0.72,0.36,0,0.42,0.18,0.14,0.3,0.3,0.24,0.78,0.3,0.1,0.06,0,0.72,0.3,0.48,
0.00160014,0.12,0.1,0.04,0,0.44,0.16,0.22,0.42,0.54,0.4063,0.06,0.18,0.1,0.3,0.66,0.66,0.18,0,0.22,0.72,0.36,0,0.42,0.18,0.24,0.18,0.42,0.36,0.9,0.18,0.2,0.18,0,0.72,0.3,0.36,
0.00162014,0.24,0,0,0.1,0.54,0.14,0.2,0.54,0.54,0.42648,0.06,0.18,0.2,0.3,0.54,0.66,0.18,0.12,0.2,0.84,0.36,0,0.42,0.06,0.22,0.18,0.42,0.36,0.78,0.06,0.06,0.3,0.12,0.84,0.3,0.48,
0.00164014,0.36,0.1,0,0,0.64,0,0.18,0.66,0.54,0.56666,0.18,0.3,0.3,0.3,0.54,0.66,0.18,0,0.18,0.96,0.24,0,0.42,0,0.2,0.06,0.42,0.24,0.9,0.06,0.04,0.42,0.12,0.84,0.18,0.48,
0.00165014,0.3,0.16,0,0,0.7,0,0.12,0.6,0.6,0.50666,0.12,0.36,0.24,0.24,0.48,0.72,0.24,0,0.12,0,0.3,0,0.36,0.06,0.14,5.55112e-17,0.48,0.18,0.96,0.12,0.1,0.36,0.18,0.9,0.24,0.42,
0.00166014,0.24,0.2,0,0.04,0.74,0,0.04,0.54,0.66,0.58684,0.18,0.42,0.28,0.18,0.54,0.66,0.3,0.06,0.16,0,0.24,0.06,0.3,0.12,0.18,0,0.42,0.24,0,0.18,0.14,0.3,0.24,0.96,0.3,0.48,
0.00166014,0.24,0.2,0,0.04,0.74,0,0.04,0.54,0.66,0.58684,0.18,0.42,0.28,0.18,0.54,0.66,0.3,0.06,0.16,0,0.24,0.06,0.3,0.12,0.18,0,0.42,0.24,0,0.18,0.14,0.3,0.24,0.96,0.3,0.48,
0.00168014,0.24,0.18,0.04,0.02,0.6,0,0.14,0.54,0.54,0.48702,0.18,0.3,0.26,0.3,0.54,0.78,0.42,0.18,0.14,0.06,0.36,0.18,0.3,0,0.04,0,0.42,0.36,0,0.18,0.24,0.42,0.12,0,0.42,0.48,
0.00170014,0.12,0.16,0,0.04,0.58,0,0.24,0.42,0.54,0.5072,0.3,0.42,0.12,0.3,0.54,0.78,0.3,0.06,0.12,0,0.24,0.3,0.3,0.12,0.14,0,0.3,0.36,0.12,0.3,0.1,0.42,0,0,0.42,0.36,
0.00172014,0.12,0.14,0.1,0.04,0.56,0,0.34,0.3,0.54,0.52738,0.3,0.42,0.1,0.3,0.54,0.78,0.3,0.06,0,0,0.12,0.3,0.3,0.24,0.12,0.12,0.18,0.36,0.24,0.18,0.2,0.3,0.06,0.06,0.54,0.24,
0.00174014,0,0,0,0.04,0.54,0,0.2,0.18,0.42,0.66756,0.42,0.42,0.08,0.3,0.54,0.78,0.42,0.06,0.04,0.12,5.55112e-17,0.42,0.18,0.36,0.1,0,0.06,0.36,0.24,0.18,0.06,0.42,0,0.18,0.54,0.36,
0.00176014,0.06,0.1,0.1,0,0.52,0.1,0.18,0.06,0.42,0.80774,0.42,0.42,0.06,0.3,0.54,0.78,0.54,0.18,0.04,0.24,5.55112e-17,0.42,0.3,0.24,0.08,0.06,0.06,0.48,0.36,0.06,0.04,0.42,0,0.18,0.54,0.36,
0.00178014,0.06,0.08,0,0.04,0.5,0.08,0.28,0,0.3,0.82792,0.3,0.54,0.16,0.3,0.54,0.66,0.54,0.18,0.14,0.12,5.55112e-17,0.42,0.18,0.36,0,0.06,0.18,0.6,0.36,0.06,0.02,0.54,0.06,0.18,0.66,0.24,
0.00180014,0.06,0.06,0,0.04,0.6,0.18,0.26,0,0.3,0.9681,0.3,0.54,0.26,0.18,0.42,0.66,0.42,0.06,0,0.12,5.55112e-17,0.54,0.18,0.48,0,0.18,0.18,0.6,0.36,0.18,0.12,0.54,0.18,0.18,0.54,0.24,
0.00182014,0.18,0.04,0.04,0.02,0.58,0.16,0.24,0.12,0.3,0.86828,0.3,0.54,0.36,0.18,0.42,0.78,0.42,0.18,0.1,0.12,0.06,0.66,0.3,0.48,0,0.3,0.06,0.48,0.36,0.18,0,0.42,0.06,0.3,0.66,0.36,
0.00184014,0.3,0.02,0.02,0,0.56,0.26,0.34,0.24,0.42,1.00846,0.42,0.42,0.46,0.18,0.42,0.78,0.42,0.06,0.08,0,0.06,0.66,0.3,0.48,0.1,0.18,0.06,0.48,0.48,0.18,0.1,0.42,0.06,0.42,0.54,0.48,
0.00184028,0.3,0.02,0.02,0,0.56,0.26,0.34,0.24,0.42,0,0.42,0.42,0.46,0.18,0.42,0.78,0.42,0.06,0.08,0,0.06,0.66,0.3,0.48,0.1,0.18,0.06,0.48,0.48,0.18,0.1,0.42,0.06,0.42,0.54,0.48,
0.00186014,0.42,0.12,0.12,0.04,0.54,0.24,0.32,0.24,0.42,0.12,0.54,0.42,0.44,0.18,0.3,0.66,0.54,0.06,0.06,0,0.06,0.66,0.3,0.6,0,0.3,0.18,0.36,0.6,0.06,0.2,0.42,0.06,0.42,0.42,0.48,
0.00188014,0.42,0,0,0.14,0.52,0.1,0.3,0.12,0.42,0.24,0.54,0.42,0.3,0.3,0.3,0.66,0.54,0.18,0.16,0.12,0.06,0.78,0.18,0.6,0.04,0.3,0.3,0.24,0.72,0.18,0.06,0.3,0.18,0.42,0.3,0.48,
0.00190014,0.3,0.1,0,0.12,0.5,0.08,0.28,0.24,0.54,0.24,0.42,0.42,0.28,0.3,0.42,0.54,0.54,0.3,0.14,0,0.18,0.9,0.18,0.6,0,0.18,0.42,0.24,0.72,0.18,0,0.3,0.18,0.42,0.3,0.48,
0.00192014,0.18,0.08,0,0.1,0.36,0,0.38,0.36,0.54,0.24,0.42,0.42,0.38,0.3,0.3,0.42,0.42,0.42,0.12,0.12,0.06,0.9,0.18,0.72,0,0.3,0.42,0.24,0.72,0.18,0,0.18,0.18,0.3,0.42,0.48,
0.00194014,0.18,0.06,0.04,0.08,0.34,0.1,0.36,0.36,0.42,0.24,0.54,0.42,0.24,0.42,0.18,0.54,0.54,0.42,0.22,0.12,0.18,0.78,0.18,0.72,0,0.3,0.3,0.24,0.72,0.06,0,0.3,0.3,0.3,0.54,0.48,
0.00196014,0.18,0.16,0.02,0.06,0.32,0.08,0.22,0.36,0.42,0.36,0.42,0.42,0.34,0.3,0.18,0.42,0.66,0.3,0.32,0.12,0.3,0.66,0.3,0.72,0.04,0.42,0.3,0.12,0.72,0.06,0.1,0.42,0.3,0.3,0.54,0.48,
0.00198014,0.3,0.02,0.04,0.16,0.42,0,0.2,0.36,0.42,0.36,0.42,0.54,0.44,0.18,0.18,0.42,0.66,0.3,0.3,0,0.3,0.54,0.18,0.72,0.04,0.3,0.3,0.12,0.6,0.06,0,0.42,0.3,0.42,0.42,0.36,
0.00200014,0.18,0.04,0.14,0.02,0.4,0,0.3,0.24,0.42,0.48,0.42,0.42,0.54,0.06,0.18,0.3,0.78,0.42,0.4,0,0.3,0.66,0.3,0.72,0.04,0.3,0.3,0.12,0.6,0.18,0.04,0.3,0.18,0.42,0.54,0.36,
0.00202014,0.3,0.04,0.12,0.04,0.5,0.04,0.28,0.36,0.42,0.36,0.54,0.42,0.4,0.06,0.18,0.42,0.78,0.3,0.5,0.06,0.3,0.78,0.3,0.6,0,0.3,0.18,0.12,0.72,0.06,0.04,0.42,0.3,0.54,0.54,0.48,
0.00204014,0.42,0.14,0.1,0.02,0.48,0,0.26,0.48,0.42,0.48,0.66,0.42,0.38,0.18,0.18,0.42,0.66,0.18,0.36,0.18,0.42,0.66,0.18,0.48,0,0.18,0.06,0.24,0.72,0,0,0.3,0.3,0.54,0.54,0.48,
0.00206014,0.54,0.12,0.2,0.12,0.46,0,0.24,0.48,0.42,0.48,0.78,0.3,0.36,0.06,0.18,0.3,0.66,0.18,0.34,0.18,0.54,0.78,0.18,0.36,0,0.18,0,0.36,0.72,0,0.04,0.42,0.42,0.54,0.54,0.36,
0.00208014,0.54,0.1,0.06,0.1,0.44,0.1,0.22,0.36,0.42,0.48,0.9,0.3,0.34,0.06,0.18,0.3,0.54,0.3,0.2,0.3,0.54,0.9,0.18,0.36,0,0.18,0,0.36,0.6,0.12,0.04,0.42,0.3,0.54,0.54,0.36,
0.00210014,0.66,0.08,0.16,0.08,0.54,0,0.08,0.36,0.3,0.48,0,0.42,0.32,0.06,0.06,0.42,0.54,0.3,0.18,0.18,0.54,0,0.06,0.24,0.1,0.18,0.06,0.36,0.48,0,0,0.42,0.3,0.54,0.66,0.24,
0.00212014,0.78,0.18,0.02,0.06,0.52,0,0,0.36,0.18,0.48,0.06,0.3,0.3,0.06,0.18,0.3,0.54,0.42,0.04,0.06,0.54,0.12,0.06,0.24,0.2,0.06,0.18,0.36,0.6,0.12,0.04,0.42,0.18,0.54,0.66,0.12,
0.00214014,0.9,0.04,0.12,0,0.5,0.04,0,0.36,0.3,0.36,0.06,0.3,0.4,0.06,0.18,0.3,0.54,0.42,0.04,0.06,0.54,0.12,0.18,0.36,0.06,0.18,0.3,0.36,0.72,0.12,0.14,0.3,0.06,0.66,0.78,5.55112e-17,
0.00216014,0.9,0.02,0.22,0.04,0.6,0.02,0.04,0.36,0.3,0.36,0.18,0.42,0.38,0,0.06,0.3,0.54,0.54,0.14,0.18,0.54,0.12,0.06,0.36,0.04,0.06,0.3,0.36,0.6,0.12,0.12,0.3,0.18,0.78,0.9,0.12,
0.00218014,0,0.12,0.2,0.14,0.58,0.12,0,0.48,0.3,0.48,0.18,0.3,0.24,0.12,0.18,0.3,0.54,0.66,0,0.06,0.66,0.12,0.18,0.24,0.14,0,0.3,0.48,0.72,0.12,0.1,0.3,0.3,0.9,0,0.12,
0.00218014,0,0.12,0.2,0.14,0.58,0.12,0,0.48,0.3,0.48,0.18,0.3,0.24,0.12,0.18,0.3,0.54,0.66,0,0.06,0.66,0.12,0.18,0.24,0.14,0,0.3,0.48,0.72,0.12,0.1,0.3,0.3,0.9,0,0.12,
0.00220014,0.06,0.1,0.3,0.12,0.44,0.22,0,0.48,0.3,0.6,0.06,0.42,0.1,0.24,0.3,0.18,0.42,0.54,0.04,0.06,0.54,0.12,0.18,0.24,0.12,0.06,0.18,0.48,0.72,0.12,0,0.3,0.3,0.78,0,0.24,
0.00222014,0.18,0,0.28,0.22,0.42,0.08,0,0.6,0.3,0.6,0.18,0.54,0.08,0.12,0.42,0.18,0.54,0.54,0.14,0.18,0.66,0.12,0.18,0.24,0.1,0.18,0.18,0.48,0.72,0.12,0,0.18,0.18,0.66,0,0.12,
0.00224014,0.18,0.04,0.26,0.2,0.4,0.06,0.1,0.6,0.3,0.72,0.18,0.42,0,0,0.42,0.3,0.66,0.42,0.12,0.06,0.54,0.24,0.3,0.24,0.08,0.06,0.18,0.6,0.84,0.24,0.04,0.06,0.18,0.78,0,0.12,
0.00226014,0.06,0,0.36,0.18,0.38,0.04,0.2,0.6,0.3,0.72,0.18,0.3,0.04,0,0.3,0.18,0.78,0.3,0.22,0,0.54,0.36,0.42,0.12,0.06,0,0.3,0.6,0.96,0.24,0,0,0.18,0.78,0,5.55112e-17,
0.00228014,0.18,0.04,0.46,0.04,0.36,0.14,0.18,0.72,0.42,0.6,0.18,0.18,0,0,0.3,0.18,0.66,0.18,0.08,0,0.42,0.36,0.54,0.12,0.16,0.06,0.18,0.72,0.06,0.12,0.1,0,0.3,0.66,0.12,0.12,
0.00230014,0.18,0,0.44,0,0.46,0,0.16,0.72,0.3,0.6,0.06,0.3,0,0.06,0.18,0.06,0.78,0.18,0.06,0.12,0.42,0.36,0.54,0.24,0.02,0.18,0.3,0.6,0.06,0.24,0.08,0,0.42,0.78,0.12,0.12,
0.00232014,0.06,0.1,0.42,0.04,0.44,0.04,0.02,0.72,0.42,0.48,0,0.3,0.04,0,0.3,0,0.9,0.3,0.04,0.24,0.42,0.24,0.54,0.24,0.12,0.18,0.18,0.6,0.06,0.36,0,0.12,0.42,0.9,0,0.24,
0.00234014,0.06,0.08,0.4,0.14,0.42,0.14,0.12,0.72,0.3,0.48,0,0.3,0.14,0,0.42,0.12,0,0.18,0,0.36,0.54,0.12,0.54,0.24,0.1,0.18,0.3,0.6,0.18,0.48,0.04,0.12,0.54,0.78,0,0.36,
0.00236014,0,0,0.26,0,0.4,0.12,0.1,0.6,0.42,0.48,0,0.42,0.12,0,0.42,0.12,0,0.18,0,0.36,0.54,0.24,0.42,0.36,0.08,0.18,0.42,0.6,0.3,0.48,0.14,0.12,0.54,0.66,0,0.24,
0.00238014,0,0,0.24,0.1,0.38,0.22,0,0.6,0.54,0.36,0.12,0.42,0.1,0.12,0.42,0.12,0,0.3,0.04,0.36,0.54,0.24,0.54,0.24,0.06,0.3,0.42,0.6,0.42,0.6,0.12,0,0.42,0.66,0.06,0.24,
0.00240014,0.12,0.04,0.1,0.08,0.48,0.2,0.04,0.72,0.66,0.48,0,0.42,0.2,0.12,0.54,0.12,0,0.3,0.14,0.36,0.54,0.24,0.54,0.12,0.04,0.42,0.42,0.6,0.42,0.48,0,0.06,0.54,0.66,0.18,0.24,
0.00242014,0.12,0,0.08,0.06,0.46,0.18,0.04,0.72,0.66,0.36,0,0.42,0.18,0.24,0.54,0.12,0.12,0.3,0.12,0.36,0.66,0.36,0.42,0.12,0,0.42,0.54,0.48,0.54,0.36,0,0,0.54,0.54,0.06,0.24,
0.00244014,0.12,0,0.06,0.04,0.56,0.16,0.04,0.6,0.54,0.36,0,0.42,0.16,0.36,0.42,0.12,0.24,0.42,0.1,0.48,0.78,0.24,0.3,0.24,0.04,0.54,0.54,0.6,0.54,0.36,0,0,0.42,0.54,0.18,0.36,
0.00246014,0,0,0.04,0.02,0.54,0.02,0.14,0.72,0.42,0.36,0,0.3,0.14,0.36,0.42,0,0.24,0.42,0.2,0.6,0.66,0.12,0.42,0.36,0.04,0.66,0.42,0.6,0.54,0.48,0.04,0.12,0.42,0.54,0.3,0.24,
0.00248014,0.06,0.1,0,0.12,0.52,0.04,0.12,0.84,0.42,0.36,0.12,0.3,0.12,0.36,0.54,0,0.24,0.42,0.3,0.72,0.66,0.12,0.54,0.24,0,0.66,0.42,0.48,0.54,0.6,0,0.24,0.3,0.42,0.42,0.12,
0.00250014,0.06,0.2,0.1,0.1,0.38,0.04,0.1,0.72,0.3,0.36,0.12,0.3,0.1,0.48,0.54,0.06,0.12,0.42,0.16,0.84,0.78,0,0.54,0.24,0,0.66,0.42,0.36,0.54,0.72,0.1,0.36,0.18,0.54,0.42,0.12,
0.00252014,0.06,0.3,0.08,0,0.36,0.02,0.2,0.72,0.3,0.36,0.24,0.3,0.2,0.48,0.66,0.18,0.12,0.42,0.14,0.96,0.66,0,0.42,0.24,0.04,0.66,0.54,0.24,0.66,0.84,0.2,0.48,0.18,0.54,0.42,0.12,
0.00254014,0.06,0.16,0.18,0,0.46,0,0.3,0.6,0.3,0.48,0.36,0.3,0.18,0.48,0.66,0.18,0.24,0.3,0.24,0.96,0.78,0,0.42,0.12,0.02,0.66,0.42,0.36,0.66,0.96,0.18,0.36,0.18,0.54,0.42,0.12,
0.00255014,0,0.22,0.12,0,0.52,0.06,0.36,0.54,0.24,0.54,0.42,0.24,0.12,0.42,0.72,0.24,0.18,0.24,0.3,0.9,0.84,0.06,0.48,0.06,0.08,0.72,0.48,0.3,0.6,0,0.12,0.3,0.12,0.48,0.36,0.06,
0.00256014,0.06,0.26,0.04,0,0.56,0.1,0.4,0.48,0.3,0.6,0.36,0.3,0.04,0.36,0.66,0.18,0.12,0.3,0.34,0.84,0.9,0,0.54,5.55112e-17,0.12,0.78,0.54,0.24,0.66,0.06,0.16,0.24,0.06,0.54,0.3,5.55112e-17,
0.00258014,0.06,0.12,0.14,0.1,0.66,0.08,0.26,0.36,0.42,0.72,0.24,0.42,0.14,0.48,0.78,0.18,0.12,0.3,0.2,0.72,0,0.06,0.42,0.06,0.22,0.78,0.54,0.24,0.78,0,0.26,0.36,0.06,0.66,0.3,0.06,
0.00258014,0.06,0.12,0.14,0.1,0.66,0.08,0.26,0.36,0.42,0.72,0.24,0.42,0.14,0.48,0.78,0.18,0.12,0.3,0.2,0.72,0,0.06,0.42,0.06,0.22,0.78,0.54,0.24,0.78,0,0.26,0.36,0.06,0.66,0.3,0.06,
0.00260014,0.18,0.1,0.24,0,0.52,0.06,0.36,0.36,0.54,0.84,0.12,0.54,0.12,0.6,0.78,0.18,0.24,0.18,0.18,0.84,0,0,0.3,0.06,0.2,0.78,0.42,0.24,0.9,0.06,0.12,0.24,0,0.66,0.3,0.18,
0.00262014,0.3,0.08,0.22,0,0.38,0,0.22,0.48,0.66,0.96,0,0.42,0.22,0.72,0.78,0.06,0.36,0.06,0.04,0.84,0.12,0,0.3,0.18,0.18,0.66,0.3,0.12,0.9,0.18,0.1,0.24,0.12,0.66,0.42,0.3,
0.00264014,0.3,0.06,0.2,0,0.36,0,0.2,0.6,0.78,0.06,0,0.42,0.2,0.84,0.78,0.06,0.24,0.06,0.02,0.84,0.12,0.12,0.18,0.06,0.28,0.66,0.3,0.12,0.9,0.06,0.08,0.12,0.12,0.78,0.54,0.3,
0.00266014,0.42,0.04,0.06,0,0.22,0,0.18,0.6,0.78,0,0.12,0.42,0.06,0.84,0.66,0,0.24,0.18,0.12,0.72,0.12,0.24,0.18,0,0.38,0.66,0.42,5.55112e-17,0.9,0.06,0.18,0.12,0.24,0.9,0.54,0.18,
0.00268014,0.42,0,0,0.04,0.2,0.1,0.28,0.6,0.78,0.12,0.12,0.42,0.04,0.96,0.66,0.12,0.36,0.06,0.1,0.6,0.12,0.36,0.06,0.06,0.48,0.54,0.42,0.06,0,0.06,0.16,0.12,0.24,0.9,0.54,0.06,
0.00270014,0.42,0.04,0,0,0.18,0.08,0.38,0.48,0.9,0.12,0.24,0.3,0.14,0.84,0.66,0.12,0.24,0.06,0,0.6,0.24,0.36,0.18,0.06,0.46,0.54,0.42,0.06,0.12,0.06,0.02,0.24,0.36,0.78,0.54,0.06,
0.00272014,0.42,0,0,0.04,0.28,0.18,0.36,0.48,0.78,0.12,0.24,0.42,0.12,0.72,0.66,0.12,0.36,0.06,0.1,0.6,0.24,0.36,0.3,0.06,0.44,0.54,0.42,0,0.12,0,0,0.24,0.48,0.78,0.66,0.06,
0.00274014,0.42,0,0.04,0.02,0.14,0.28,0.22,0.48,0.78,0.12,0.12,0.42,0.22,0.72,0.66,0.12,0.36,0.18,0.08,0.6,0.24,0.24,0.18,0,0.42,0.66,0.54,0,0.12,0,0,0.36,0.48,0.78,0.54,0.06,
0.00276014,0.42,0,0.14,0,0,0.26,0.32,0.6,0.78,0.12,0,0.42,0.2,0.72,0.78,0,0.24,0.06,0.06,0.6,0.36,0.36,0.3,0.12,0.4,0.78,0.66,0.12,0.12,0,0.04,0.36,0.6,0.66,0.54,0.18,
0.00278014,0.54,0,0,0.04,0.1,0.36,0.3,0.6,0.9,0.24,0.06,0.42,0.3,0.84,0.9,0.12,0.12,0,0,0.48,0.48,0.48,0.3,0.12,0.38,0.78,0.78,0,0.12,0,0,0.36,0.72,0.78,0.42,0.18,
0.00280014,0.54,0,0.04,0,0.08,0.22,0.28,0.6,0.9,0.24,0,0.42,0.28,0.84,0.9,0.12,0.12,0.06,0,0.6,0.36,0.48,0.18,0.24,0.36,0.66,0.66,0,0.12,0.06,0.1,0.36,0.72,0.9,0.54,0.06,
0.00282014,0.42,0.04,0.04,0.1,0.18,0.08,0.26,0.48,0.9,0.24,0.12,0.42,0.26,0.72,0.9,0,0,0.06,0.1,0.48,0.24,0.6,0.18,0.24,0.22,0.66,0.78,0,0.12,0.18,0,0.48,0.84,0.9,0.42,0.06,
0.00284014,0.42,0,0.02,0,0.16,0.06,0.12,0.36,0,0.36,0,0.42,0.24,0.6,0.9,0,0.06,0.06,0.08,0.36,0.24,0.6,0.06,0.24,0.08,0.78,0.66,0.12,0.12,0.18,0.1,0.6,0.96,0.78,0.42,0.18,
0.00286014,0.54,0,0,0.1,0.02,0,0,0.36,0,0.36,0,0.54,0.22,0.6,0.9,0.12,0.06,0.18,0,0.36,0.36,0.48,0.18,0.12,0,0.66,0.78,0,0,0.18,0.08,0.6,0,0.66,0.42,0.18,
0.00288014,0.42,0.1,0,0.08,0.12,0.1,0,0.36,0.12,0.36,0,0.66,0.2,0.6,0.78,0.12,0.06,0.06,0,0.36,0.36,0.48,0.06,0.12,0,0.78,0.78,0.12,0,0.18,0,0.48,0,0.78,0.42,0.06,
0.00290014,0.54,0.2,0.04,0,0.1,0.2,0.04,0.24,0.24,0.36,0.06,0.66,0.18,0.72,0.9,0.12,0.18,0.06,0,0.36,0.36,0.36,0.06,0,0,0.78,0.78,0.12,0,0.06,0.1,0.48,0,0.78,0.42,0,
0.00292014,0.54,0.18,0.14,0.04,0.2,0.3,0.02,0.36,0.24,0.36,0.06,0.78,0.28,0.6,0,0,0.18,0.18,0.1,0.36,0.36,0.24,0,0,0.1,0.78,0.78,0.12,0.12,0.06,0.08,0.48,0.12,0.66,0.42,0.06,
0.00292014,0.54,0.18,0.14,0.04,0.2,0.3,0.02,0.36,0.24,0.36,0.06,0.78,0.28,0.6,0,0,0.18,0.18,0.1,0.36,0.36,0.24,0,0,0.1,0.78,0.78,0.12,0.12,0.06,0.08,0.48,0.12,0.66,0.42,0.06,
0.00294014,0.66,0.16,0.12,0.02,0.18,0.16,0,0.48,0.24,0.36,0.18,0.78,0.14,0.6,0.06,0,0.3,0.3,0.2,0.24,0.36,0.12,0.12,0,0.08,0.9,0.66,0,0.24,0,0,0.48,0.12,0.66,0.42,0.06,
0.00296014,0.54,0.02,0.1,0.12,0.04,0.26,0,0.6,0.12,0.36,0.06,0.9,0.12,0.6,0,0.12,0.3,0.42,0.06,0.36,0.36,0.12,0.12,0,0,0.9,0.54,0,0.36,0,0,0.36,0.24,0.54,0.54,0.06,
0.00298014,0.42,0.12,0.08,0.1,0.02,0.24,0.1,0.6,0.12,0.24,0,0,0.1,0.48,0,0.12,0.3,0.42,0,0.36,0.36,0.12,0,0.06,0,0.9,0.66,0,0.48,0,0,0.24,0.24,0.54,0.54,0,
0.00300014,0.42,0.1,0,0,0,0.22,0,0.72,0.24,0.24,0.06,0.06,0.08,0.36,0.06,0,0.42,0.42,0.04,0.24,0.36,0.24,0.06,0.06,0,0.9,0.66,0,0.6,0.12,0.1,0.24,0.24,0.66,0.42,0,
0.00302014,0.54,0,0.04,0.04,0,0.08,0.1,0.72,0.36,0.24,0,0.06,0.06,0.48,0.06,0,0.3,0.42,0,0.24,0.48,0.24,0.06,0.06,0.1,0.78,0.66,0,0.6,0,0,0.36,0.24,0.66,0.42,0,
0.00304014,0.42,0,0.02,0.04,0,0.06,0.08,0.72,0.48,0.24,0.12,0,0,0.36,0,0.06,0.3,0.42,0,0.36,0.6,0.24,0.18,0,0.2,0.66,0.78,0.06,0.72,0.06,0,0.48,0.24,0.66,0.42,0,
0.00306014,0.42,0.1,0.12,0.14,0,0.04,0.06,0.72,0.6,0.36,0.12,0,0,0.24,0.12,0.18,0.18,0.54,0,0.24,0.6,0.24,0.3,0,0.3,0.66,0.66,0,0.6,0.06,0,0.48,0.12,0.66,0.42,0.12,
0.00308014,0.3,0.08,0,0.12,0.1,0.02,0.04,0.6,0.6,0.36,0.12,0.06,0,0.24,0,0.3,0.18,0.66,0,0.24,0.6,0.24,0.3,0,0.16,0.78,0.66,0,0.48,0.18,0,0.48,0.12,0.66,0.42,0.12,
0.00310014,0.3,0.18,0.1,0,0.08,0,0.14,0.72,0.6,0.36,0,0.06,0,0.24,0,0.3,0.06,0.54,0,0.24,0.72,0.24,0.18,0.06,0.14,0.78,0.66,0,0.48,0.3,0.04,0.48,0,0.66,0.3,0.12,
0.00312014,0.3,0.04,0.2,0.1,0.06,0,0.24,0.84,0.72,0.36,0.12,0,0,0.36,0,0.42,0.06,0.54,0,0.24,0.72,0.24,0.06,0.06,0,0.78,0.54,0,0.6,0.42,0.04,0.36,0.06,0.66,0.3,0.12,
0.00314014,0.3,0.04,0.06,0.08,0,0.04,0.34,0.84,0.84,0.48,0.24,0,0.1,0.48,0.06,0.42,0.06,0.54,0.1,0.24,0.72,0.24,0.06,0,0.1,0.78,0.54,0.12,0.6,0.54,0.04,0.48,0.06,0.54,0.3,0.12,
0.00316014,0.3,0.14,0.16,0.06,0,0.14,0.32,0.72,0.96,0.48,0.24,0,0.08,0.48,0.18,0.3,0.06,0.54,0,0.12,0.6,0.36,0.06,0,0,0.78,0.54,0.12,0.72,0.54,0.02,0.6,0.06,0.66,0.3,0.12,
0.00318014,0.42,0.12,0.14,0,0.1,0.12,0.18,0.72,0,0.48,0.36,0.06,0.06,0.48,0.18,0.3,0,0.54,0,0.12,0.48,0.36,0,0,0,0.9,0.54,0,0.72,0.54,0,0.48,0,0.78,0.42,0.24,
0.00320014,0.42,0,0,0.04,0.2,0,0.16,0.84,0,0.36,0.48,0.06,0,0.36,0.3,0.3,0.12,0.66,0,5.55112e-17,0.48,0.24,0,0,0,0,0.66,0.12,0.72,0.54,0,0.6,0.06,0.66,0.54,0.24,
0.00322014,0.3,0.04,0,0.14,0.3,0.1,0.14,0.72,0.12,0.48,0.36,0.06,0.1,0.36,0.42,0.42,0,0.78,0,0.06,0.36,0.12,0,0.06,0.1,0.06,0.66,0.24,0.6,0.54,0.1,0.6,0.06,0.66,0.54,0.24,
0.00324014,0.3,0,0,0.24,0.4,0.08,0.12,0.6,0.24,0.6,0.36,0,0,0.36,0.42,0.42,0,0.78,0.1,0.06,0.48,0.24,0,0,0.08,0.18,0.66,0.24,0.72,0.42,0.2,0.48,0.06,0.66,0.54,0.12,
0.00326014,0.18,0.1,0,0.1,0.5,0.18,0,0.72,0.24,0.6,0.24,0.06,0,0.36,0.54,0.54,0,0.66,0.08,0,0.48,0.12,0.12,0,0,0.06,0.66,0.12,0.6,0.42,0.18,0.36,0.06,0.66,0.54,0.24,
0.00328014,0.18,0.08,0,0.2,0.36,0.28,0,0.72,0.24,0.48,0.12,0,0.04,0.24,0.42,0.42,0,0.54,0,0,0.48,0.24,0.12,0,0,0.18,0.54,0,0.6,0.54,0.16,0.24,0.06,0.66,0.54,0.12,
0.00330014,0.06,0.06,0.1,0.3,0.46,0.38,0,0.84,0.36,0.48,0.12,0,0.02,0.24,0.54,0.3,0.06,0.54,0.04,0.06,0.36,0.36,0.24,0.06,0,0.06,0.54,0.06,0.6,0.42,0.14,0.36,0.18,0.66,0.54,0.12,
0.00332014,0.06,0.04,0.08,0.16,0.32,0.36,0,0.96,0.36,0.48,0.12,0.12,0,0.24,0.42,0.3,0.06,0.54,0.02,0,0.36,0.24,0.24,0,0.04,0.06,0.42,0.18,0.6,0.54,0.12,0.48,0.06,0.78,0.66,0.12,
0.00334014,0.06,0.04,0,0.14,0.42,0.34,0.04,0.96,0.24,0.48,0,0.24,0.1,0.24,0.3,0.3,0,0.66,0.04,0.06,0.48,0.12,0.24,0.12,0.02,0.18,0.3,0.06,0.6,0.66,0.22,0.36,0.06,0.9,0.66,0.24,
0.00336014,0.18,0,0.1,0,0.4,0.2,0.14,0.06,0.24,0.6,0,0.12,0.2,0.24,0.3,0.18,0.06,0.66,0,0,0.48,0.24,0.24,0.24,0.12,0.06,0.3,0.06,0.72,0.78,0.08,0.36,0.06,0.9,0.66,0.36,
0.00338014,0.06,0.1,0.2,0,0.5,0.18,0.24,0.18,0.12,0.6,0.06,0,0.18,0.24,0.42,0.18,0,0.66,0.04,0,0.6,0.12,0.24,0.12,0.1,0,0.18,0.06,0.84,0.66,0.18,0.36,0.18,0,0.66,0.36,
0.00340014,0.18,0.08,0.18,0.1,0.48,0.16,0.22,0.18,0.12,0.6,0.06,0,0.28,0.24,0.42,0.18,0,0.66,0.04,0.12,0.6,5.55112e-17,0.36,0.12,0,0,0.18,0.06,0.84,0.78,0.16,0.36,0.18,0.06,0.54,0.48,
0.00342014,0.06,0,0.16,0,0.46,0.14,0.08,0.18,0.24,0.6,0.18,0,0.14,0.36,0.42,0.06,0,0.66,0.04,0.24,0.6,0.06,0.48,0.24,0.04,0.12,0.3,0.18,0.84,0.78,0.26,0.36,0.18,0.06,0.54,0.6,
0.00344014,0,0.04,0.02,0,0.32,0.24,0.06,0.18,0.24,0.6,0.18,0,0.24,0.48,0.42,0.18,0.12,0.66,0.02,0.24,0.48,0.06,0.36,0.36,0,0,0.3,0.18,0.84,0.78,0.36,0.36,0.18,0.06,0.66,0.72,
0.00346014,0,0.04,0,0.1,0.3,0.34,0,0.3,0.12,0.48,0.06,0.06,0.22,0.36,0.42,0.18,0.12,0.78,0,0.36,0.48,0,0.36,0.24,0.04,0,0.3,0.18,0.84,0.9,0.34,0.36,0.3,0.18,0.66,0.6,
0.00348014,0.12,0.02,0,0,0.28,0.32,0.1,0.42,0,0.6,0,0.06,0.2,0.48,0.42,0.18,0.12,0.78,0,0.36,0.48,0.12,0.36,0.24,0.04,0.12,0.3,0.18,0.84,0.9,0.44,0.48,0.42,0.3,0.54,0.6,
0.00350014,0.12,0.04,0.1,0,0.14,0.3,0.2,0.3,0.12,0.6,0.12,0,0.18,0.36,0.54,0.06,0.12,0.9,0.1,0.36,0.48,0.12,0.48,0.12,0,0,0.3,0.18,0.72,0.9,0.42,0.48,0.42,0.42,0.66,0.48,
0.00352014,0.24,0.04,0.08,0.1,0.12,0.28,0.3,0.3,0.24,0.48,0.12,0,0.28,0.24,0.54,0.18,0.12,0.9,0,0.24,0.48,0.24,0.6,0.12,0,0,0.3,0.18,0.6,0.9,0.28,0.36,0.42,0.54,0.66,0.48,
0.00354014,0.24,0.04,0.06,0.2,0.1,0.26,0.28,0.42,0.12,0.48,0.12,0,0.38,0.24,0.66,0.18,0.24,0.78,0.04,0.24,0.36,0.12,0.72,0,0.1,0,0.3,0.18,0.6,0.9,0.26,0.36,0.54,0.54,0.66,0.48,
0.00356014,0.24,0,0.16,0.06,0.2,0.24,0.38,0.42,0.12,0.48,0.24,0.12,0.24,0.24,0.66,0.3,0.12,0.9,0,0.36,0.24,0.24,0.6,0.12,0,0.12,0.18,0.18,0.6,0.9,0.24,0.48,0.66,0.54,0.66,0.48,
0.00358014,0.24,0,0.14,0.04,0.18,0.22,0.48,0.54,0.12,0.6,0.12,0,0.22,0.24,0.54,0.3,0.12,0,0,0.36,0.36,0.24,0.72,0,0,0.12,0.18,0.06,0.72,0.78,0.22,0.36,0.54,0.54,0.78,0.48,
0.00360014,0.12,0.04,0.12,0.14,0.28,0.2,0.46,0.54,0.12,0.72,0,0,0.2,0.24,0.54,0.3,0.24,0,0,0.36,0.48,0.36,0.72,0.12,0,0.12,0.18,0,0.84,0.9,0.2,0.48,0.54,0.54,0.9,0.36,
0.00362014,0.24,0.14,0.22,0.24,0.14,0.18,0.44,0.42,0.12,0.84,0.12,0,0.3,0.12,0.42,0.42,0.24,0.12,0,0.36,0.48,0.36,0.6,0.24,0.1,0.12,0.06,0.12,0.72,0,0.06,0.36,0.42,0.54,0,0.24,
0.00364014,0.24,0.12,0.32,0.34,0.24,0.16,0.54,0.42,0.12,0.96,0,0,0.16,0.12,0.54,0.3,0.24,0.24,0,0.36,0.48,0.48,0.72,0.12,0.08,0.12,0,0.12,0.84,0,0.16,0.24,0.3,0.42,0,0.24,
0.00366014,0.24,0.22,0.3,0.2,0.34,0.14,0.52,0.3,0,0.84,0,0.06,0.02,0.24,0.42,0.3,0.12,0.24,0,0.36,0.6,0.36,0.72,0,0.06,0,0,0.12,0.72,0,0.14,0.24,0.3,0.54,0.12,0.12,
0.00368014,0.24,0.32,0.28,0.3,0.44,0.12,0.5,0.18,0.06,0.96,0.06,0.06,0.12,0.12,0.42,0.42,0,0.24,0.04,0.24,0.48,0.24,0.6,0,0.16,0.12,0.12,0,0.84,0,0,0.12,0.3,0.54,0.24,0.12,
0.00370014,0.24,0.3,0.38,0.28,0.42,0.1,0.48,0.06,0,0.84,0.06,0.06,0.1,5.55112e-17,0.3,0.54,0.06,0.12,0,0.24,0.48,0.12,0.6,0,0.14,0,0.24,0,0.84,0.06,0,0.24,0.3,0.42,0.24,0.12,
0.00372014,0.24,0.28,0.36,0.26,0.52,0.2,0.34,0,0.06,0.96,0,0.06,0,5.55112e-17,0.3,0.54,0.06,0,0,0.24,0.48,0.12,0.6,0,0.12,0,0.24,0.12,0.72,0,0.04,0.24,0.42,0.54,0.24,0.12,
0.00374014,0.24,0.26,0.34,0.24,0.5,0.3,0.32,0.12,0.06,0.84,0,0.06,0,0.06,0.42,0.42,0,0.06,0.04,0.12,0.48,0.24,0.6,0.06,0.1,0.12,0.24,0.12,0.6,0.12,0.14,0.24,0.42,0.42,0.36,0.24,
0.00376014,0.24,0.24,0.32,0.34,0.6,0.28,0.18,0.12,0.18,0.84,0,0.18,0,0.18,0.42,0.42,0.12,0.06,0.04,0.12,0.48,0.12,0.6,0,0,0.24,0.24,0.12,0.6,0.24,0,0.12,0.42,0.42,0.24,0.24,
0.00378014,0.24,0.22,0.3,0.32,0.58,0.26,0.28,0.24,0.06,0.72,0,0.3,0.04,0.18,0.42,0.42,0.12,0,0.02,0,0.6,0.12,0.72,0.06,0,0.36,0.36,0.24,0.72,0.12,0.1,0.12,0.42,0.42,0.36,0.24,
0.00380014,0.24,0.08,0.28,0.3,0.44,0.12,0.14,0.24,0.06,0.84,0,0.3,0.14,0.06,0.54,0.3,0,0,0,0,0.48,0.24,0.72,0.06,0.1,0.36,0.36,0.24,0.6,0.12,0,5.55112e-17,0.54,0.42,0.48,0.36,
0.00382014,0.24,0.18,0.26,0.28,0.42,0.1,0.12,0.12,0,0.84,0.12,0.18,0.24,0.06,0.54,0.3,0.12,0,0.04,0.12,0.6,0.36,0.72,0,0,0.36,0.48,0.12,0.72,0.12,0,0.06,0.42,0.54,0.36,0.24,
0.00384014,0.24,0.16,0.36,0.38,0.52,0.2,0.1,0,0.12,0.72,0.24,0.18,0.1,0.18,0.66,0.3,0,0.06,0.02,0.12,0.72,0.24,0.72,0.12,0.04,0.36,0.48,0.12,0.84,0,0.1,0.06,0.3,0.66,0.48,0.24,
0.00386014,0.24,0.14,0.34,0.24,0.62,0.18,0.08,0,0.12,0.72,0.24,0.18,0,0.18,0.66,0.42,0.12,0.18,0.04,0.12,0.6,0.24,0.72,0.24,0.04,0.48,0.6,0.24,0.84,0,0.08,0,0.42,0.66,0.48,0.12,
0.00388014,0.24,0,0.32,0.34,0.72,0.16,0.06,0,0.12,0.6,0.36,0.18,0,0.18,0.78,0.3,0.24,0.18,0,0.24,0.6,0.12,0.84,0.12,0.14,0.48,0.6,0.24,0.84,0,0.18,0.12,0.3,0.66,0.36,0.24,
0.00390014,0.12,0.1,0.42,0.44,0.7,0.02,0,0,0.24,0.48,0.48,0.18,0,0.3,0.9,0.3,0.24,0.06,0.1,0.24,0.6,0.12,0.96,0,0.12,0.6,0.48,0.24,0.84,0.12,0.28,0,0.3,0.78,0.36,0.24,
0.00391014,0.06,0.04,0.48,0.5,0.64,0,0,0.06,0.18,0.42,0.54,0.24,0,0.24,0.84,0.24,0.18,0,0.04,0.18,0.54,0.06,0,0,0.06,0.66,0.54,0.18,0.9,0.18,0.34,0.06,0.36,0.72,0.42,0.3,
0.00392014,0,0,0.52,0.42,0.68,0,0,0.12,0.24,0.48,0.6,0.3,0,0.3,0.78,0.18,0.24,0,0,0.24,0.48,0,0.06,0,0,0.6,0.48,0.24,0.84,0.24,0.26,0,0.3,0.66,0.48,0.36,
0.00394014,0,0.04,0.5,0.4,0.66,0,0,0.24,0.12,0.48,0.6,0.3,0.1,0.42,0.9,0.3,0.12,0.12,0,0.36,0.6,0.12,0.06,0,0.1,0.6,0.36,0.24,0.72,0.24,0.12,0.12,0.3,0.66,0.36,0.36,
0.00396014,0.12,0,0.48,0.38,0.76,0.04,0,0.12,0.12,0.48,0.6,0.42,0.08,0.54,0.9,0.3,0.12,0,0.04,0.24,0.6,0.24,0.06,0,0,0.6,0.48,0.24,0.6,0.36,0.1,0.24,0.3,0.78,0.36,0.24,
0.00398014,0,0,0.46,0.48,0.62,0.02,0.1,0.24,0.12,0.36,0.72,0.3,0,0.54,0.78,0.3,0.24,0.12,0.04,0.12,0.6,0.24,0.06,0,0.04,0.48,0.48,0.24,0.48,0.24,0.2,0.24,0.3,0.9,0.36,0.24,
0.00400014,0,0.1,0.32,0.34,0.48,0.04,0.2,0.24,0.24,0.48,0.6,0.3,0,0.54,0.78,0.3,0.12,0.12,0.14,0.24,0.72,0.24,0,0,0.04,0.48,0.48,0.12,0.48,0.24,0.18,0.24,0.18,0.9,0.36,0.24,
0.00402014,0.06,0.2,0.18,0.2,0.34,0,0.3,0.36,0.24,0.36,0.48,0.42,0.04,0.66,0.78,0.3,0.24,0.24,0.12,0.24,0.6,0.36,0,0.06,0.02,0.48,0.48,0.24,0.48,0.24,0.16,0.24,0.3,0.78,0.36,0.24,
0.00404014,0,0.06,0.16,0.06,0.44,0,0.16,0.36,0.24,0.24,0.6,0.42,0.02,0.66,0.78,0.18,0.24,0.12,0.1,0.24,0.6,0.48,0.06,0.18,0.04,0.48,0.6,0.24,0.6,0.24,0.26,0.24,0.3,0.9,0.36,0.24,
0.00406014,0,0.04,0.14,0.04,0.42,0.04,0.26,0.24,0.24,0.12,0.72,0.42,0,0.66,0.78,0.3,0.24,0.12,0.08,0.24,0.6,0.6,0.18,0.3,0.14,0.48,0.72,0.36,0.6,0.12,0.24,0.36,0.3,0.9,0.24,0.36,
0.00408014,0,0.02,0.24,0.14,0.4,0.04,0.36,0.24,0.36,0.12,0.72,0.3,0.1,0.66,0.78,0.3,0.12,0,0.18,0.36,0.72,0.6,0.18,0.18,0,0.48,0.6,0.24,0.6,0.12,0.34,0.24,0.18,0.9,0.24,0.36,
0.00410014,0.06,0,0.34,0.12,0.26,0.02,0.34,0.36,0.36,0.12,0.72,0.18,0.08,0.78,0.78,0.3,0.12,0,0.28,0.48,0.6,0.48,0.18,0.18,0,0.36,0.6,0.12,0.6,0.24,0.32,0.24,0.18,0.78,0.12,0.24,
0.00412014,0.06,0,0.32,0.1,0.36,0,0.44,0.36,0.48,5.55112e-17,0.72,0.3,0.06,0.66,0.9,0.3,0.12,0,0.26,0.48,0.48,0.6,0.18,0.3,0,0.48,0.48,0,0.48,0.24,0.3,0.24,0.3,0.9,0.12,0.24,
0.00414014,0,0.1,0.3,0.2,0.46,0.1,0.42,0.24,0.48,5.55112e-17,0.84,0.42,0,0.66,0.78,0.3,0,0.12,0.36,0.48,0.48,0.6,0.18,0.3,0.04,0.48,0.48,0,0.48,0.24,0.4,0.12,0.42,0.9,5.55112e-17,0.24,
0.00416014,0,0,0.28,0.18,0.44,0.08,0.4,0.36,0.48,0.06,0.72,0.42,0,0.66,0.78,0.3,0,0,0.34,0.36,0.48,0.48,0.18,0.18,0.02,0.48,0.48,0.06,0.36,0.36,0.38,0.12,0.54,0,5.55112e-17,0.36,
0.00418014,0,0.04,0.26,0.16,0.42,0.06,0.38,0.36,0.36,0.06,0.84,0.42,0,0.54,0.78,0.18,0,0.12,0.2,0.36,0.6,0.48,0.18,0.06,0,0.6,0.48,0,0.36,0.24,0.24,0.24,0.54,0,0,0.36,
0.00420014,0.06,0.04,0.36,0.14,0.28,0.04,0.48,0.36,0.48,0.18,0.96,0.54,0.04,0.54,0.9,0.18,0.12,0,0.3,0.48,0.72,0.6,0.3,0.06,0,0.6,0.6,0,0.48,0.36,0.22,0.24,0.42,0.12,0,0.36,
0.00422014,0.18,0.14,0.46,0.12,0.14,0.04,0.34,0.36,0.36,0.18,0.96,0.68374,0.02,0.66,0,0.3,0.24,0,0.4,0.36,0.72,0.48,0.18,0.06,0,0.6,0.6,0,0.6,0.36,0.2,0.36,0.54,0.24,0,0.48,
0.00424014,0.06,0,0.32,0.1,0,0.04,0.32,0.36,0.24,0.3,0.06,0.58748,0,0.66,0,0.3,0.24,0,0.38,0.36,0.72,0.6,0.3,0.06,0.1,0.6,0.72,0.12,0.6,0.36,0.06,0.36,0.66,0.36,0.12,0.36,
0.00426014,0.06,0.1,0.3,0.08,0.1,0.02,0.3,0.48,0.24,0.3,0.18,0.49122,0,0.66,0,0.42,0.24,0.12,0.36,0.36,0.84,0.72,0.3,0,0,0.72,0.72,0,0.6,0.24,0.04,0.48,0.66,0.36,0.12,0.36,
0.00428014,0.18,0.2,0.28,0,0,0,0.28,0.48,0.24,0.18,0.06,0.39496,0,0.66,0,0.42,0.12,0.12,0.34,0.48,0.96,0.72,0.3,0,0,0.72,0.72,0.06,0.48,0.24,0.14,0.48,0.54,0.36,0,0.48,
0.00430014,0.3,0.3,0.26,0.04,0,0.1,0.14,0.48,0.24,0.18,0.06,0.2987,0.1,0.66,0.12,0.3,0.24,0,0.2,0.36,0.84,0.84,0.3,0.06,0.1,0.84,0.72,0.06,0.36,0.24,0.12,0.48,0.42,0.36,0.12,0.48,
0.00432014,0.18,0.28,0.36,0.02,0.1,0,0.12,0.6,0.36,0.3,0.06,0.44244,0,0.66,0.24,0.42,0.24,0.06,0.18,0.48,0.96,0.72,0.18,0.18,0.08,0.84,0.72,0.18,0.24,0.24,0,0.36,0.54,0.36,0.12,0.48,
0.00434014,0.3,0.14,0.34,0,0.08,0.04,0.22,0.48,0.36,0.3,0.06,0.58618,0.04,0.66,0.12,0.42,0.24,0.06,0.16,0.36,0.84,0.72,0.18,0.18,0.18,0.84,0.72,0.18,0.24,0.24,0.04,0.36,0.66,0.36,0.24,0.48,
0.00436014,0.3,0.12,0.32,0,0.06,0.14,0.32,0.6,0.24,0.18,0.06,0.48992,0.02,0.78,0.24,0.42,0.24,0.18,0.14,0.36,0.72,0.6,0.06,0.18,0.28,0.84,0.84,0.06,0.24,0.24,0,0.39451,0.78,0.36,0.36,0.48,
0.00438014,0.42,0.22,0.3,0.04,0,0,0.42,0.6,0.24,0.18,0.06,0.51366,0.12,0.78,0.12,0.54,0.24,0.18,0.24,0.48,0.72,0.72,0.18,0.06,0.26,0.84,0.84,0.06,0.12,0.12,0.04,0.54902,0.78,0.24,0.48,0.48,
0.00440014,0.54,0.2,0.28,0.14,0.1,0,0.52,0.48,0.12,0.18,0,0.5374,0,0.78,0.24,0.66,0.12,0.18,0.34,0.6,0.6,0.6,0.18,0.06,0.24,0.96,0.96,0,0.24,0,0.02,0.58353,0.66,0.36,0.48,0.6,
0.00442014,0.42,0.18,0.14,0.12,0.08,0.04,0.38,0.48,0.12,0.06,0,0.56114,0.1,0.78,0.24,0.54,0.12,0.06,0.44,0.48,0.48,0.72,0.06,0.18,0.34,0.84,0.96,0.06,0.12,0,0,0.61804,0.66,0.36,0.6,0.72,
0.00444014,0.42,0.04,0.24,0.1,0.06,0.14,0.48,0.36,0.24,0.06,0,0.58488,0.08,0.66,0.24,0.54,0,0,0.42,0.36,0.48,0.6,0,0.3,0.2,0.84,0.96,0.06,0.12,0,0.04,0.53255,0.54,0.48,0.48,0.72,
0.00445014,0.36,0,0.18,0.16,0,0.08,0.42,0.42,0.18,0.12,0,0.64488,0.02,0.6,0.3,0.6,0.06,0,0.36,0.42,0.42,0.54,0.06,0.36,0.14,0.9,0,0,0.06,0,0,0.47255,0.6,0.54,0.42,0.66,
0.00446014,0.3,0.04,0.22,0.2,0,0,0.34,0.48,0.12,0.18,0,0.60862,0,0.66,0.24,0.66,0.12,0,0.28,0.36,0.48,0.6,0,0.42,0.18,0.96,0.06,0.06,5.55112e-17,0.06,0.04,0.56706,0.66,0.48,0.36,0.72,
0.00448014,0.18,0.02,0.08,0.06,0.1,0.1,0.32,0.6,5.55112e-17,0.18,0.06,0.63236,0.04,0.66,0.24,0.66,0,0.12,0.14,0.36,0.36,0.6,0.06,0.42,0.16,0.96,0.06,0.18,0,0.06,0,0.60157,0.54,0.6,0.36,0.84,
0.00450014,0.18,0.04,0,0.04,0,0.08,0.3,0.6,5.55112e-17,0.3,0,0.7761,0.04,0.54,0.24,0.78,0.06,0.12,0.12,0.48,0.36,0.48,0.06,0.42,0.14,0.84,0.06,0.3,0.12,0,0.04,0.51608,0.66,0.72,0.36,0.72,
0.00452014,0.3,0.04,0.1,0,0.1,0.18,0.28,0.6,0.01713,0.3,0,0.79984,0,0.66,0.36,0.78,0.06,0,0.22,0.36,0.24,0.48,0.06,0.42,0.12,0.72,0.18,0.3,0.24,0.06,0.04,0.43059,0.66,0.72,0.24,0.6,
0.00454014,0.3,0,0.08,0.04,0,0.28,0.26,0.6,0.03426,0.3,0,0.70358,0.1,0.66,0.24,0.9,0,0,0.2,0.24,0.24,0.48,0.06,0.42,0,0.72,0.06,0.42,0.24,0.06,0.02,0.3451,0.66,0.6,0.12,0.6,
0.00456014,0.3,0,0.06,0.14,0.1,0.26,0.24,0.48,0.07713,0.42,0,0.84732,0,0.78,0.24,0.9,0.12,0.12,0.06,0.24,0.24,0.36,0.06,0.54,0,0.6,0,0.42,0.36,0.18,0.04,0.49961,0.54,0.48,0.12,0.72,
0.00458014,0.42,0,0.04,0,0.08,0.24,0.34,0.48,0.09426,0.54,0.12,0.87106,0,0.78,0.12,0.78,0.12,0.24,0,0.24,0.12,0.36,0.18,0.42,0,0.6,0.06,0.42,0.24,0.18,0.04,0.53412,0.66,0.48,0.12,0.84,
0.00460014,0.42,0,0,0.1,0,0.22,0.32,0.6,0.11139,0.54,0,1.0148,0.1,0.78,0.24,0.78,0,0.24,0.1,0.36,0.24,0.24,0.18,0.42,0.04,0.72,0.06,0.3,0.12,0.18,0.04,0.56863,0.54,0.50018,5.55112e-17,0.84,
0.00460028,0.42,0,0,0.1,0,0.22,0.32,0.6,0.11139,0.54,0,0,0.1,0.78,0.24,0.78,0,0.24,0.1,0.36,0.24,0.24,0.18,0.42,0.04,0.72,0.06,0.3,0.12,0.18,0.04,0.56863,0.54,0.50018,5.55112e-17,0.84,
0.00462014,0.42,0.1,0.04,0.08,0.04,0.08,0.3,0.6,0.24852,0.42,0,0,0,0.78,0.36,0.9,0,0.24,0.2,0.36,0.24,0.12,0.3,0.42,0.04,0.6,0,0.18,0.12,0.3,0.04,0.48314,0.54,0.52036,0.12,0.96,
0.00464014,0.42,0,0,0,0.02,0.06,0.28,0.6,0.26565,0.3,0.06,0,0,0.78,0.36,0,0,0.36,0.3,0.36,0.24,0.12,0.3,0.3,0.02,0.72,0,0.18,0.24,0.3,0,0.63765,0.54,0.66054,5.55112e-17,0,
0.00464014,0.42,0,0,0,0.02,0.06,0.28,0.6,0.26565,0.3,0.06,0,0,0.78,0.36,0,0,0.36,0.3,0.36,0.24,0.12,0.3,0.3,0.02,0.72,0,0.18,0.24,0.3,0,0.63765,0.54,0.66054,5.55112e-17,0,
0.00466014,0.42,0.1,0,0.04,0.12,0,0.26,0.6,0.40278,0.18,0,0.12,0.1,0.78,0.36,0.12,0,0.36,0.4,0.36,0.36,0.12,0.3,0.3,0.04,0.84,0,0.18,0.36,0.42,0.1,0.67216,0.66,0.68072,5.55112e-17,0.06,
0.00468014,0.42,0.08,0,0.04,0.1,0.04,0.12,0.6,0.53991,0.3,0,0.12,0.2,0.66,0.24,0.24,0,0.36,0.26,0.24,0.24,0.12,0.42,0.3,0.14,0.72,0.12,0.18,0.36,0.42,0.08,0.70667,0.66,0.5809,5.55112e-17,0.18,
0.00470014,0.3,0.18,0,0,0.2,0.04,0.1,0.63451,0.43704,0.42,0,0.24,0.06,0.54,0.12,0.24,0,0.48,0.36,0.36,0.24,0.12,0.42,0.3,0.12,0.6,0,0.18,0.36,0.42,0.06,0.74118,0.66,0.60108,0,0.3,
0.00472014,0.3,0.04,0.1,0.04,0.18,0,0,0.66902,0.33417,0.54,0,0.36,0.04,0.54,0,0.36,0,0.48,0.22,0.48,0.24,0.12,0.54,0.42,0.1,0.6,0,0.18,0.36,0.42,0.16,0.89569,0.54,0.62126,0.12,0.3,
0.00474014,0.18,0.14,0,0.04,0.16,0,0.04,0.70353,0.3513,0.66,0.12,0.48,0.14,0.66,0.12,0.24,0.12,0.6,0.08,0.48,0.36,5.55112e-17,0.66,0.42,0.08,0.6,0.12,0.06,0.48,0.54,0.14,0.8102,0.66,0.64144,0.12,0.18,
0.00476014,0.06,0,0,0,0.14,0,0.04,0.73804,0.24843,0.78,0.12,0.48,0.24,0.54,0,0.12,0.12,0.6,0,0.36,0.36,0.06,0.66,0.54,0.18,0.6,0,0.06,0.36,0.54,0.12,0.96471,0.78,0.66162,0,0.18,
0.00477014,0.12,0,0,0,0.08,0.06,0,0.79804,0.18843,0.72,0.06,0.42,0.3,0.6,0,0.06,0.06,0.66,0,0.3,0.3,0,0.6,0.48,0.24,0.54,0,0,0.42,0.48,0.18,0,0.72,0.72162,0,0.24,
0.00478014,0.18,0,0.04,0,0.12,0,0.04,0.77255,0.14556,0.78,0,0.48,0.22,0.66,0.06,0,0,0.6,0.04,0.24,0.24,0.06,0.54,0.54,0.28,0.6,0.06,0.06,0.48,0.54,0.22,0,0.78,0.6818,0.06,0.3,
0.00480014,0.18,0.04,0.02,0.04,0.22,0.1,0.04,0.80706,0.28269,0.66,0.12,0.48,0.08,0.78,0.06,0.12,0,0.6,0.04,0.24,0.24,0,0.54,0.42,0.14,0.6,0.06,0.18,0.48,0.66,0.32,0.12,0.78,0.70198,0.06,0.3,
0.00482014,0.18,0,0,0.04,0.32,0.2,0.04,0.84157,0.29982,0.66,0.12,0.6,0.06,0.78,0.18,0.24,0.06,0.72,0,0.36,0.36,0.12,0.66,0.42,0.12,0.48,0.06,0.18,0.36,0.66,0.3,0.12,0.79713,0.84216,0.18,0.3,
0.00484014,0.18,0,0.04,0,0.18,0.18,0.04,0.99608,0.43695,0.66,0.12,0.6,0.04,0.66,0.3,0.12,0.18,0.6,0,0.36,0.36,0,0.66,0.42,0.1,0.48,0.06,0.18,0.48,0.78,0.28,0.24,0.81426,0.86234,0.06,0.3,
0.00485014,0.24,0,0.1,0.06,0.24,0.12,0,0,0.37695,0.72,0.06,0.66,0.1,0.72,0.36,0.18,0.24,0.66,0,0.3,0.3,0.06,0.72,0.36,0.04,0.54,0.12,0.12,0.54,0.84,0.22,0.3,0.87426,0.80234,0,0.36,
0.00486014,0.3,0,0.14,0,0.28,0.04,0,0,0.45408,0.78,0.02631,0.72,0.14,0.78,0.42,0.12,0.18,0.72,0.04,0.36,0.24,0.12,0.66,0.42,0.08,0.48,0.06,0.06,0.48,0.9,0.14,0.36,0.95139,0.88252,0.06,0.42,
0.00488014,0.42,0,0.12,0.1,0.26,0.02,0,0,0.35121,0.78,0.08631,0.72,0.24,0.78,0.54,0.12,0.18,0.72,0.14,0.36,0.12,0.12,0.78,0.54,0.06,0.48,0.06,0,0.48,0.9,0.12,0.36,0.96852,0,0.18,0.32374,
0.00488014,0.42,0,0.12,0.1,0.26,0.02,0,0,0.35121,0.78,0.08631,0.72,0.24,0.78,0.54,0.12,0.18,0.72,0.14,0.36,0.12,0.12,0.78,0.54,0.06,0.48,0.06,0,0.48,0.9,0.12,0.36,0.96852,0,0.18,0.32374,
0.00490014,0.42,0,0.22,0.08,0.12,0,0.1,0,0.24834,0.78,0.11262,0.72,0.1,0.9,0.66,0.12,0.18,0.72,0,0.36,0.12,0,0.78,0.66,0.16,0.6,0.18,0,0.48,0.9,0,0.24,0.86565,0,0.18,0.34748,
0.00492014,0.42,0,0.2,0.06,0,0,0.2,0.12,0.14547,0.78,0.25893,0.6,0.08,0.9,0.54,0.12,0.18,0.72,0,0.36,0.12,0.12,0.66,0.78,0.26,0.6,0.06,0.12,0.6,0.78,0.04,0.24,1.00278,0,0.06,0.25122,
0.00492028,0.42,0,0.2,0.06,0,0,0.2,0.12,0.14547,0.78,0.25893,0.6,0.08,0.9,0.54,0.12,0.18,0.72,0,0.36,0.12,0.12,0.66,0.78,0.26,0.6,0.06,0.12,0.6,0.78,0.04,0.24,0,0,0.06,0.25122,
0.00494014,0.42,0.04,0.06,0.04,0,0.1,0.06,0.12,0.0426,0.78,0.40524,0.48,0.18,0,0.54,0,0.18,0.84,0.1,0.36,0.12,0.24,0.54,0.66,0.24,0.6,0,0.12,0.6,0.9,0,0.24,0.06,0.06,0,0.27496,
0.00494014,0.42,0.04,0.06,0.04,0,0.1,0.06,0.12,0.0426,0.78,0.40524,0.48,0.18,0,0.54,0,0.18,0.84,0.1,0.36,0.12,0.24,0.54,0.66,0.24,0.6,0,0.12,0.6,0.9,0,0.24,0.06,0.06,0,0.27496,
0.00496014,0.42,0.02,0,0.14,0,0.08,0.04,0.12,0.01713,0.66,0.31155,0.36,0.04,0.12,0.42,0.06,0.18,0.96,0.08,0.36,0.12,0.24,0.66,0.78,0.34,0.72,0,0.24,0.72,0.78,0,0.12,0.06,0.06,0.12,0.2987,
0.00498014,0.54,0.12,0,0,0.1,0,0.02,0,0.15426,0.66,0.21786,0.48,0.14,0.12,0.42,0,0.06,0.96,0,0.36,5.55112e-17,0.24,0.78,0.9,0.32,0.72,0,0.24,0.72,0.78,0,0.12,0,0.06,0.12,0.32244,
0.00500014,0.42,0.1,0,0.1,0.08,0.04,0,0.12,0.05139,0.66,0.24417,0.6,0,0.24,0.42,0.06,0.06,0.96,0.04,0.36,0.12,0.36,0.78,0.9,0.3,0.72,0,0.36,0.6,0.66,0,0.24,0,0.18,0,0.34618,
0.00502014,0.54,0.08,0.04,0.08,0,0.14,0,0.12,0.18852,0.66,0.27048,0.48,0.1,0.12,0.54,0.06,0.06,0.96,0.04,0.36,0.12,0.36,0.78,0.9,0.28,0.72,0,0.24,0.72,0.54,0.04,0.24,0,0.3,0,0.36992,
0.00503014,0.48,0.14,0.1,0.14,0,0.08,0.06,0.06,0.12852,0.72,0.33048,0.54,0.04,0.06,0.48,0,0,0,0,0.3,0.06,0.42,0.84,0.84,0.22,0.66,0,0.18,0.66,0.6,0.1,0.18,0,0.36,0,0.42992,
0.00504014,0.54,0.06,0.14,0.18,0,0,0,0.12,0.08565,0.66,0.29679,0.6,0.08,0.12,0.42,0,0,0,0.04,0.36,5.55112e-17,0.48,0.9,0.78,0.14,0.72,0,0.24,0.6,0.66,0.14,0.12,0,0.42,0,0.51366,
0.00506014,0.54,0.16,0.24,0.16,0,0.1,0,0.24,0.10278,0.78,0.3231,0.48,0,0.12,0.54,0,0,0,0.04,0.24,0.06,0.6,0.9,0.66,0.12,0.84,0,0.24,0.72,0.54,0.12,0.12,0.12,0.54,0.12,0.5374,
0.00508014,0.42,0.02,0.22,0.02,0.1,0,0,0.24,0.23991,0.78,0.34941,0.48,0,0.12,0.66,0.06,0,0.12,0,0.24,0.06,0.48,0.78,0.66,0.22,0.72,0.06,0.36,0.84,0.54,0.1,0.12,0.12,0.54,0.24,0.56114,
0.00510014,0.42,0,0.2,0,0.2,0,0.04,0.36,0.25704,0.78,0.25572,0.36,0.04,0,0.66,0.06,0.06,0,0.04,0.24,0.06,0.48,0.9,0.54,0.08,0.84,0.18,0.36,0.84,0.54,0.08,0,0.12,0.42,0.24,0.58488,
0.00512014,0.54,0,0.18,0,0.3,0,0.02,0.36,0.27417,0.78,0.28203,0.48,0.02,0,0.66,0.06,0,0.06,0.14,0.36,0.06,0.48,0.9,0.54,0,0.84,0.18,0.48,0.84,0.54,0,0,0,0.54,0.12,0.48862,
0.00514014,0.54,0,0.04,0.1,0.28,0,0,0.48,0.4113,0.78,0.18834,0.48,0,0.12,0.78,0.06,0.06,0.06,0,0.36,0.06,0.48,0.9,0.54,0.04,0.84,0.06,0.48,0.84,0.66,0,0,0,0.66,0.12,0.39236,
0.00516014,0.42,0,0.02,0.08,0.38,0.1,0,0.48,0.54843,0.78,0.21465,0.48,0,0.12,0.78,0.06,0.06,0.18,0,0.36,0,0.6,0.9,0.54,0.02,0.72,0.06,0.48,0.84,0.54,0.1,0.12,0,0.66,0.12,0.4161,
0.00518014,0.42,0.04,0.12,0.06,0.48,0.08,0.1,0.6,0.56556,0.9,0.12096,0.48,0.04,0.12,0.9,0.06,0.06,0.18,0,0.36,0,0.6,0,0.66,0.04,0.72,0.06,0.48,0.84,0.54,0.08,0.12,0,0.78,0.02631,0.31984,
0.00520014,0.54,0,0.22,0.04,0.46,0.06,0,0.48,0.70269,0.9,0.26727,0.48,0.02,0.24,0,0.06,0.06,0.18,0,0.36,0,0.6,0,0.66,0,0.6,0.06,0.6,0.84,0.54,0.18,0.24,0,0.78,0.17262,0.34358,
0.00522014,0.66,0,0.32,0,0.32,0,0,0.48,0.59982,0.78,0.29358,0.6,0,0.12,0,0.06,0.18,0.06,0,0.36,0,0.6,0.06,0.78,0.04,0.48,0.06,0.72,0.84,0.42,0.16,0.12,0,0.9,0.19893,0.24732,
0.00524014,0.54,0,0.18,0,0.3,0.04,0.04,0.6,0.49695,0.78,0.31989,0.72,0,0,0,0,0.3,0.06,0,0.48,0,0.72,0.06,0.9,0,0.48,0.06,0.72,0.84,0.42,0.02,0.12,0.06,0.9,0.22524,0.39106,
0.00526014,0.54,0.04,0.16,0.04,0.16,0,0.04,0.48,0.51408,0.78,0.4662,0.72,0.1,0.06,0.06,0,0.42,0.06,0,0.48,0.06,0.72,0.06,0.78,0,0.48,0,0.84,0.84,0.3,0.12,0.12,0.06,0.9,0.13155,0.4148,
0.00528014,0.54,0.14,0.14,0.02,0.14,0.1,0.04,0.6,0.53121,0.9,0.37251,0.72,0,0.18,0.06,0.12,0.42,0.18,0,0.6,0.06,0.84,0.06,0.78,0,0.36,0.06,0.72,0.84,0.3,0,0,0.18,0.78,0.03786,0.55854,
0.00530014,0.54,0,0.12,0,0.12,0.08,0.04,0.6,0.54834,0.78,0.39882,0.84,0.1,0.3,0,0.12,0.42,0.06,0.04,0.6,0.06,0.96,0.06,0.66,0.1,0.36,0.06,0.72,0.96,0.42,0,0,0.3,0.78,0.08631,0.58228,
0.00532014,0.66,0,0.1,0,0.1,0.06,0.02,0.6,0.44547,0.9,0.42513,0.84,0.08,0.3,0.12,0.24,0.42,0.18,0.04,0.48,0,0,0.06,0.66,0.08,0.36,0.06,0.72,0.06,0.42,0,0,0.3,0.9,0.11262,0.72602,
0.00534014,0.54,0,0.08,0.1,0.2,0,0.04,0.48,0.3426,0.78,0.45144,0.96,0.06,0.3,0.12,0.36,0.3,0.3,0.02,0.48,0,0.06,0.06,0.54,0.06,0.24,0.06,0.72,0,0.3,0,0,0.42,0,0.13893,0.62976,
0.00536014,0.54,0,0.18,0.08,0.06,0,0,0.6,0.23973,0.78,0.47775,0.06,0.04,0.42,0.12,0.36,0.3,0.3,0,0.48,0.06,0.18,0.06,0.42,0.16,0.36,0,0.6,0.12,0.18,0.1,0,0.54,0.12,0.16524,0.7735,
0.00538014,0.54,0,0.28,0.06,0.16,0.04,0.1,0.6,0.37686,0.9,0.38406,0.06,0.04,0.54,0.12,0.24,0.42,0.3,0,0.36,0,0.18,0.06,0.54,0.26,0.48,0.12,0.48,0,0.18,0.2,0,0.54,0.24,0.31155,0.91724,
0.00540014,0.66,0,0.38,0.04,0.02,0.14,0.2,0.6,0.51399,0.9,0.41037,0,0.04,0.54,0,0.12,0.3,0.3,0,0.48,0,0.18,0.18,0.54,0.24,0.6,0.24,0.36,0,0.3,0.06,0.06,0.54,0.24,0.33786,0.94098,
0.00541014,0.72,0.06,0.44,0,0.08,0.08,0.14,0.66,0.57399,0.96,0.47037,0.06,0,0.48,0.06,0.06,0.24,0.36,0.06,0.42,0.06,0.12,0.12,0.6,0.3,0.66,0.18,0.3,0.06,0.36,0,0.12,0.48,0.3,0.27786,0,
0.00542014,0.78,0,0.48,0.04,0,0,0.06,0.72,0.53112,0,0.55668,0.12,0,0.42,0.12,0,0.3,0.42,0.1,0.36,0,0.18,0.06,0.54,0.34,0.72,0.24,0.36,0.12,0.3,0,0.18,0.42,0.36,0.24417,0.06,
0.00544014,0.66,0,0.46,0,0.04,0,0,0.84,0.66825,0.06,0.58299,0.12,0,0.3,0.24,0.12,0.3,0.42,0.08,0.36,0.12,0.06,0.18,0.66,0.32,0.84,0.24,0.48,0.24,0.3,0.04,0.3,0.3,0.36,0.27048,0,
0.00546014,0.66,0,0.32,0.1,0.02,0.04,0,0.84,0.80538,0,0.4893,0.24,0.1,0.3,0.12,0,0.3,0.54,0.06,0.24,0.12,0.06,0.18,0.66,0.3,0.72,0.24,0.48,0.12,0.3,0,0.3,0.42,0.36,0.29679,0,
0.00548014,0.66,0.1,0.42,0.2,0.04,0.14,0,0.84,0.82251,0,0.63561,0.12,0.08,0.18,0.12,0,0.3,0.54,0.04,0.24,0.24,0.06,0.3,0.66,0.16,0.84,0.12,0.48,0.24,0.42,0,0.18,0.3,0.24,0.4431,0.12,
0.00550014,0.78,0.08,0.28,0.06,0.04,0.12,0.04,0.84,0.71964,0.06,0.78192,0.12,0.06,0.18,0.12,0,0.3,0.54,0.02,0.24,0.24,0.18,0.18,0.78,0.14,0.84,0.12,0.36,0.36,0.3,0,0.06,0.3,0.24,0.46941,0,
0.00552014,0.78,0.06,0.38,0.04,0.14,0,0.14,0.84,0.85677,0.18,0.92823,0,0.04,0.3,0.24,0.12,0.3,0.42,0.04,0.12,0.24,0.06,0.18,0.66,0.12,0.96,0.12,0.36,0.24,0.3,0.04,0.18,0.3,0.24,0.37572,0,
0.00553014,0.84,0,0.44,0,0.2,0,0.2,0.9,0.91677,0.24,0.86823,0.06,0.1,0.24,0.18,0.18,0.24,0.48,0.1,0.06,0.3,0,0.24,0.6,0.06,0,0.18,0.42,0.18,0.24,0.1,0.12,0.36,0.18,0.43572,0.06,
0.00554014,0.9,0,0.36,0.04,0.24,0,0.24,0.84,0.9939,0.18,0.83454,0.12,0.02,0.18,0.24,0.24,0.3,0.42,0.14,5.55112e-17,0.24,0,0.3,0.66,0,0.06,0.12,0.36,0.12,0.3,0.14,0.18,0.3,0.24,0.40203,0,
0.00555014,0.84,0,0.3,0,0.3,0,0.18,0.9,0,0.24,0.89454,0.18,0.08,0.12,0.3,0.18,0.24,0.48,0.2,0.06,0.18,0.06,0.24,0.6,0.06,0.12,0.18,0.3,0.18,0.36,0.08,0.24,0.24,0.18,0.46203,0.06,
0.00556014,0.78,0,0.34,0,0.22,0,0.1,0.96,0,0.18,0.86085,0.24,0.12,0.06,0.24,0.24,0.18,0.42,0.12,0.12,0.12,0.12,0.18,0.66,0,0.06,0.12,0.24,0.12,0.42,0.12,0.18,0.18,0.12,0.42834,0.12,
0.00558014,0.66,0.04,0.32,0,0.32,0,0.08,0.06,0.12,0.06,0.76716,0.24,0.1,0.18,0.24,0.24,0.18,0.3,0.1,0.12,0,0.12,0.18,0.66,0.1,0.06,0.12,0.12,0,0.42,0.1,0.06,0.3,0.12,0.45465,0.24,
0.00560014,0.66,0,0.3,0,0.3,0.04,0,0.18,0,0.06,0.79347,0.36,0.08,0.18,0.24,0.12,0.18,0.42,0.2,5.55112e-17,0.06,0,0.18,0.66,0.08,0.06,0,0.12,0,0.54,0.08,0.06,0.18,0.12,0.48096,0.24,
0.00562014,0.78,0.04,0.4,0.1,0.28,0.14,0.1,0.06,0,0.06,0.93978,0.24,0,0.18,0.36,0.12,0.18,0.42,0.18,0.06,0.06,0.06,0.06,0.54,0.18,0.06,0,0.24,0,0.54,0.06,0.06,0.06,0,0.50727,0.36,
0.00564014,0.78,0.14,0.38,0.08,0.14,0,0,0.06,0.12,0.18,0.84609,0.24,0,0.18,0.36,0.24,0.06,0.54,0.04,0,0.06,0.06,0,0.54,0.16,0.06,0.12,0.24,0.12,0.54,0,0.18,0.06,0,0.65358,0.48,
0.00566014,0.66,0.12,0.36,0.06,0.24,0,0.04,0,0.12,0.3,0.9924,0.24,0.1,0.18,0.36,0.24,0.18,0.42,0.04,0,0,0,0,0.54,0.14,0.06,0.24,0.12,0.24,0.54,0,0.18,0.06,0.06,0.55989,0.48,
0.00568014,0.66,0.22,0.34,0,0.22,0,0.14,0.06,0.12,0.18,1.01871,0.24,0.08,0.3,0.36,0.12,0.3,0.42,0.14,0,0.12,0.06,0,0.54,0.12,0.06,0.24,0.24,0.24,0.42,0.1,0.06,0.18,0.18,0.5862,0.48,
0.00568028,0.66,0.22,0.34,0,0.22,0,0.14,0.06,0.12,0.18,0,0.24,0.08,0.3,0.36,0.12,0.3,0.42,0.14,0,0.12,0.06,0,0.54,0.12,0.06,0.24,0.24,0.24,0.42,0.1,0.06,0.18,0.18,0.5862,0.48,
0.00570014,0.66,0.2,0.44,0.1,0.08,0,0.12,0.06,0.12,0.18,0.06,0.24,0.18,0.18,0.36,0.24,0.3,0.3,0.12,0,0.12,0.06,0.12,0.54,0.1,0,0.36,0.36,0.36,0.3,0.2,0.18,0.18,0.18,0.73251,0.48,
0.00572014,0.66,0.3,0.54,0.08,0,0,0.22,0.06,0,0.18,0.06,0.12,0.28,0.18,0.36,0.24,0.42,0.42,0.22,0,0.24,0.06,0,0.42,0.08,0,0.24,0.48,0.24,0.42,0.06,0.06,0.06,0.06,0.63882,0.48,
0.00574014,0.78,0.4,0.52,0.06,0,0,0.08,0.06,0.06,0.18,0,0,0.26,0.18,0.48,0.24,0.42,0.54,0.2,0,0.12,0.18,0,0.3,0.06,0.06,0.24,0.48,0.24,0.3,0.16,0.06,0.18,0,0.78513,0.48,
0.00576014,0.78,0.5,0.62,0.16,0,0.1,0.06,0,0.06,0.18,0.12,0,0.24,0.18,0.36,0.24,0.54,0.42,0.06,0,0.12,0.18,0.06,0.3,0,0,0.12,0.48,0.24,0.18,0.02,0,0.18,0,0.81144,0.48,
0.00578014,0.78,0.48,0.6,0.14,0.04,0,0,0.06,0.18,0.3,0.12,0.12,0.34,0.18,0.24,0.24,0.42,0.42,0.16,0,0.12,0.3,0.06,0.42,0.1,0.12,0.12,0.36,0.24,0.18,0,0,0.18,0,0.95775,0.6,
0.00579014,0.84,0.42,0.66,0.08,0,0,0.06,0.12,0.24,0.36,0.06,0.06,0.28,0.24,0.18,0.18,0.48,0.48,0.1,0,0.18,0.36,0,0.48,0.04,0.18,0.18,0.42,0.18,0.24,0,0,0.12,0.06,0,0.66,
0.00580014,0.9,0.34,0.7,0.12,0,0,0,0.18,0.3,0.42,0,0.12,0.32,0.3,0.12,0.12,0.42,0.42,0.02,0.06,0.12,0.42,0.06,0.54,0.08,0.12,0.24,0.36,0.12,0.18,0,0.06,0.06,0,0,0.72,
0.00582014,0,0.32,0.8,0.22,0,0,0,0.18,0.42,0.42,0.06,0.12,0.18,0.42,0,0.12,0.42,0.42,0,0,0.12,0.42,0.06,0.42,0,0,0.36,0.48,0.12,0.06,0.04,0.06,0,0,0.06,0.84,
0.00584014,0,0.18,0.66,0.08,0,0,0,0.06,0.54,0.44018,0.06,0.12,0.16,0.3,0.12,0.24,0.54,0.42,0.04,0,0.12,0.54,0.18,0.54,0.1,0.06,0.36,0.48,0,0.18,0.04,0.18,0.06,0.12,0.06,0.96,
0.00586014,0.06,0.16,0.52,0.18,0,0.1,0,0.06,0.66,0.46036,0.06,0.12,0.14,0.18,0.24,0.24,0.66,0.54,0.02,0.06,0.12,0.66,0.18,0.54,0.08,0.06,0.36,0.36,0.06,0.18,0,0.18,0.06,0.12,0.18,0.96,
0.00588014,0.06,0.14,0.38,0.28,0.04,0.08,0.1,0.06,0.66,0.48054,0,0.12,0.24,0.3,0.24,0.24,0.66,0.66,0,0,0,0.66,0.3,0.54,0,0.18,0.24,0.24,0.06,0.18,0,0.18,0,0.24,0.06,0.06,
0.00590014,0.06,0.24,0.24,0.26,0.14,0,0,0.18,0.54,0.62072,0.12,0.24,0.1,0.3,0.24,0.36,0.66,0.78,0.04,0,0,0.54,0.18,0.54,0,0.06,0.24,0.24,0.06,0.3,0,0.18,0,0.24,0,0.06,
0.00592014,0,0.1,0.22,0.24,0.24,0.1,0.04,0.18,0.66,0.7609,0.12,0.24,0.2,0.18,0.24,0.36,0.54,0.78,0.04,0.06,0.06,0.66,0.3,0.42,0.04,0.18,0.24,0.24,0,0.3,0.1,0.18,0.06,0.24,0,0.06,
0.00594014,0.12,0.2,0.08,0.1,0.34,0,0.14,0.06,0.78,0.78108,0.24,0.24,0.18,0.18,0.12,0.36,0.54,0.66,0,0.06,0.06,0.78,0.3,0.54,0.04,0.06,0.24,0.24,0.12,0.3,0.08,0.18,0.18,0.36,0.12,0,
0.00596014,0.12,0.3,0.18,0.08,0.32,0,0.12,0.06,0.78,0.80126,0.24,0.24,0.16,0.3,0.12,0.36,0.66,0.66,0,0,0.18,0.9,0.3,0.54,0,0.06,0.24,0.24,0.24,0.3,0.06,0.18,0.06,0.24,0.12,0,
0.00598014,0,0.16,0.28,0.18,0.3,0,0,0.06,0.66,0.94144,0.24,0.12,0.14,0.18,0,0.36,0.66,0.54,0.1,0.12,0.18,0,0.3,0.54,0,0.06,0.36,0.24,0.12,0.3,0.16,0.18,0.18,0.24,0.24,0,
0.00598014,0,0.16,0.28,0.18,0.3,0,0,0.06,0.66,0.94144,0.24,0.12,0.14,0.18,0,0.36,0.66,0.54,0.1,0.12,0.18,0,0.3,0.54,0,0.06,0.36,0.24,0.12,0.3,0.16,0.18,0.18,0.24,0.24,0,
0.00599014,0.06,0.1,0.22,0.24,0.36,0,0.06,0.12,0.72,0,0.18,0.18,0.08,0.24,0,0.3,0.6,0.6,0.16,0.06,0.24,0.06,0.24,0.48,0.06,0,0.3,0.3,0.06,0.24,0.22,0.24,0.24,0.3,0.18,0,
0.00600014,0,0.14,0.14,0.28,0.28,0,0,0.06,0.66,0,0.24,0.12,0.12,0.3,0,0.36,0.54,0.54,0.08,0,0.3,0.12,0.3,0.42,0,0.06,0.24,0.24,0,0.3,0.14,0.3,0.18,0.24,0.24,0.06,
0.00602014,0,0.24,0,0.26,0.26,0,0.04,0.18,0.66,0.06,0.12,0,0,0.3,0.12,0.36,0.54,0.54,0.18,0,0.18,0.24,0.3,0.42,0.1,0.18,0.24,0.12,0,0.18,0.24,0.3,0.18,0.24,0.36,0.06,
0.00604014,0.06,0.22,0.04,0.12,0.24,0,0.04,0.3,0.66,0.06,0,0,0.04,0.3,0.12,0.24,0.42,0.42,0.16,0,0.06,0.36,0.3,0.3,0.08,0.06,0.12,5.55112e-17,0,0.18,0.1,0.3,0.06,0.24,0.36,0,
0.00606014,0.06,0.2,0.04,0.1,0.22,0.04,0.02,0.18,0.66,0,0,0,0.04,0.3,0.12,0.24,0.42,0.42,0.26,0,0.18,0.24,0.42,0.3,0.06,0,0.12,0.06,0,0.18,0,0.18,0.18,0.12,0.36,0.12,
0.00608014,0.06,0.18,0.14,0.08,0.2,0.04,0.04,0.3,0.66,0.12,0,0,0.02,0.18,0.12,0.36,0.42,0.42,0.36,0,0.18,0.24,0.3,0.3,0,0.06,0,0.06,0.06,0.06,0,0.18,0.18,0.12,0.36,0.24,
0.00610014,0,0.16,0.24,0.06,0.3,0.02,0.04,0.18,0.66,0.12,0,0,0,0.3,0.12,0.24,0.42,0.42,0.34,0.12,0.06,0.24,0.42,0.3,0,0,0.12,0.06,0.06,0.06,0.04,0.18,0.18,0.12,0.48,0.24,
0.00612014,0,0.02,0.22,0,0.28,0,0.02,0.18,0.66,0.24,0,0.12,0,0.42,0,0.24,0.42,0.3,0.32,0,0.06,0.24,0.3,0.42,0,0.12,0.12,0.06,0.06,0.18,0.02,0.18,0.18,0,0.48,0.36,
0.00614014,0.12,0,0.2,0,0.26,0,0.04,0.18,0.54,0.12,0,0,0.04,0.3,0.12,0.36,0.42,0.3,0.3,0.12,0.06,0.12,0.3,0.3,0.04,0,0.12,0.06,0,0.3,0,0.18,0.3,0,0.6,0.36,
0.00616014,0.12,0.04,0.18,0.04,0.36,0.04,0.04,0.3,0.42,0,0,0,0.02,0.18,0.24,0.48,0.42,0.3,0.16,0.24,0.18,0.12,0.3,0.3,0.04,0,0.24,0.06,0.06,0.42,0,0.18,0.3,0.06,0.6,0.36,
0.00618014,0.12,0.04,0.16,0.14,0.34,0,0.04,0.42,0.42,0.06,0.12,0.06,0,0.18,0.36,0.48,0.54,0.18,0.14,0.36,0.06,0.12,0.42,0.3,0.14,0.12,0.24,0.06,0.18,0.42,0,0.18,0.18,0.18,0.48,0.48,
0.00620014,0.24,0.04,0.14,0.24,0.32,0.1,0.04,0.54,0.54,0.06,0.12,0,0,0.18,0.24,0.48,0.66,0.18,0.12,0.36,0.18,0.24,0.42,0.18,0.12,0.12,0.36,0,0.3,0.42,0.04,0.18,0.18,0.18,0.48,0.6,
0.00622014,0.12,0.04,0.24,0.22,0.18,0.08,0.02,0.42,0.54,0.06,0.12,0.12,0.04,0.3,0.36,0.48,0.66,0.18,0.22,0.36,0.18,0.24,0.42,0.18,0,0.12,0.24,0,0.18,0.42,0.14,0.06,0.18,0.06,0.48,0.6,
0.00624014,0.12,0,0.22,0.2,0.28,0.06,0,0.42,0.66,0.06,0.12,0.24,0.14,0.42,0.48,0.48,0.54,0.06,0.2,0.36,0.18,0.12,0.3,0.18,0.04,0.12,0.24,0.12,0.3,0.42,0,0,0.18,0.06,0.48,0.6,
0.00626014,0,0,0.32,0.06,0.14,0.04,0,0.3,0.66,0.18,0.12,0.36,0,0.42,0.48,0.48,0.42,0.18,0.18,0.36,0.06,0.12,0.18,0.18,0.14,0,0.24,0.12,0.3,0.42,0.04,0.12,0.18,0.06,0.48,0.6,
0.00628014,0.12,0.1,0.3,0,0.12,0.14,0.04,0.3,0.66,0.18,0.12,0.24,0.04,0.3,0.6,0.48,0.54,0.06,0.04,0.36,0.06,0,0.18,0.06,0.12,0,0.36,0.12,0.3,0.42,0.14,0,0.06,0.18,0.36,0.72,
0.00630014,0.24,0,0.28,0.1,0.1,0.12,0.14,0.42,0.78,0.18,0,0.24,0,0.3,0.72,0.6,0.54,0.18,0.14,0.36,0.18,0.12,0.06,0.18,0.1,0,0.36,0.24,0.18,0.42,0.24,0,0.06,0.3,0.24,0.72,
0.00632014,0.24,0,0.14,0,0.08,0,0,0.42,0.9,0.06,0.06,0.24,0,0.3,0.72,0.48,0.54,0.18,0.12,0.24,0.18,0.12,0,0.18,0.08,0,0.36,0.12,0.18,0.3,0.22,0,0,0.18,0.24,0.72,
0.00634014,0.24,0.04,0.24,0,0.06,0,0,0.3,0.78,0,0.06,0.24,0,0.18,0.6,0.48,0.54,0.18,0.1,0.12,0.18,0.24,0,0.3,0.06,0,0.48,0.24,0.3,0.42,0.32,0,0,0.06,0.24,0.84,
0.00636014,0.12,0,0.22,0.1,0.04,0.04,0,0.3,0.66,0.06,0.06,0.36,0,0.18,0.48,0.6,0.42,0.06,0.2,0.24,0.3,0.12,0,0.42,0,0.06,0.6,0.36,0.18,0.42,0.3,0.06,0.12,0.06,0.24,0.96,
0.00638014,0.24,0.1,0.32,0.08,0,0.02,0.1,0.3,0.66,0.18,0.06,0.36,0,0.06,0.48,0.48,0.42,0,0.18,0.24,0.42,0.24,0,0.3,0,0.18,0.72,0.36,0.18,0.3,0.4,0.06,0.12,0.18,0.36,0.96,
0.00640014,0.36,0.08,0.3,0.18,0.04,0.04,0.08,0.3,0.78,0.3,0.06,0.48,0.1,0.06,0.36,0.6,0.42,0,0.04,0.24,0.42,0.36,0.06,0.18,0,0.06,0.6,0.36,0.18,0.18,0.38,0.18,0.24,0.3,0.48,0.06,
0.00642014,0.24,0.18,0.16,0.16,0.02,0,0.06,0.42,0.78,0.42,0.06,0.6,0,0.06,0.24,0.6,0.42,0.12,0.04,0.24,0.3,0.36,0.18,0.18,0,0.06,0.48,0.48,0.18,0.06,0.48,0.06,0.24,0.3,0.6,0,
0.00644014,0.12,0.04,0.14,0.02,0,0,0.04,0.3,0.66,0.42,0.06,0.48,0,0.06,0.24,0.6,0.3,0.12,0.02,0.12,0.3,0.36,0.18,0.18,0.1,0.06,0.48,0.36,0.06,0.06,0.34,0,0.36,0.3,0.6,0,
0.00646014,0.12,0.04,0.12,0,0.04,0,0,0.3,0.66,0.42,0.06,0.6,0.04,0.18,0.36,0.48,0.3,0.24,0,0,0.18,0.36,0.3,0.18,0.08,0.06,0.48,0.36,0.18,0.18,0.44,0,0.36,0.18,0.6,0.06,
0.00648014,0.12,0.02,0.1,0.04,0,0.04,0.1,0.3,0.66,0.54,0.18,0.6,0.14,0.3,0.36,0.6,0.3,0.24,0.1,0,0.18,0.24,0.3,0.06,0.18,0.18,0.6,0.24,0.3,0.18,0.54,0.12,0.24,0.06,0.6,0.06,
0.00650014,0,0,0,0.04,0.1,0.02,0,0.3,0.66,0.66,0.3,0.72,0,0.18,0.24,0.48,0.42,0.24,0.08,0,0.3,0.36,0.3,0.18,0.16,0.3,0.6,0.12,0.42,0.18,0.52,0.12,0.24,0.18,0.6,0.06,
0.00652014,0,0,0.1,0,0.08,0,0,0.18,0.66,0.54,0.3,0.72,0,0.18,0.24,0.48,0.42,0.24,0,0,0.18,0.24,0.42,0.18,0.26,0.42,0.6,0.12,0.54,0.3,0.5,0,0.24,0.3,0.6,0,
0.00654014,0.06,0,0.2,0.1,0,0,0.04,0.18,0.66,0.54,0.3,0.84,0,0.18,0.24,0.36,0.42,0.24,0,0,0.18,0.12,0.42,0.06,0.24,0.54,0.6,0,0.54,0.3,0.48,0,0.36,0.42,0.48,0,
0.00656014,0.06,0,0.3,0.08,0,0.1,0.04,0.18,0.66,0.66,0.3,0.84,0,0.06,0.24,0.48,0.54,0.36,0.04,0.12,0.06,0,0.3,0.06,0.22,0.66,0.48,0.12,0.66,0.42,0.34,0,0.24,0.54,0.6,0.06,
0.00658014,0.18,0.04,0.28,0.06,0,0,0.14,0.06,0.66,0.66,0.3,0.72,0.1,0,0.24,0.48,0.54,0.24,0.02,0.12,0.18,0,0.18,0,0.2,0.54,0.36,0.12,0.54,0.42,0.2,0.12,0.24,0.54,0.48,0,
0.00660014,0.3,0,0.26,0,0.04,0.1,0.24,0.18,0.54,0.66,0.3,0.6,0.2,0.12,0.36,0.48,0.42,0.36,0,0.12,0.18,0,0.06,0.12,0.18,0.66,0.36,0.12,0.42,0.54,0.06,0,0.36,0.66,0.48,0.06,
0.00662014,0.18,0.04,0.24,0.1,0.04,0,0.22,0.06,0.66,0.66,0.18,0.72,0.06,0.12,0.36,0.6,0.3,0.36,0,0.24,0.06,0.06,0,0.12,0.16,0.54,0.36,0.24,0.54,0.66,0.16,0.06,0.48,0.78,0.48,0.06,
0.00664014,0.3,0.04,0.22,0.08,0.04,0.1,0.2,0.06,0.54,0.66,0.3,0.72,0,0.24,0.36,0.6,0.18,0.36,0.1,0.24,0.06,0.06,0,0.12,0.26,0.66,0.24,0.24,0.42,0.54,0.14,0.06,0.6,0.66,0.48,0,
0.00666014,0.18,0.04,0.32,0.06,0,0,0.06,0.18,0.66,0.66,0.3,0.72,0.1,0.24,0.36,0.72,0.18,0.48,0.2,0.12,0.06,0.18,0,0.12,0.24,0.66,0.36,0.24,0.42,0.54,0.12,0,0.6,0.66,0.36,0.06,
0.00668014,0.3,0.14,0.3,0.04,0.1,0.04,0,0.18,0.78,0.78,0.3,0.72,0.2,0.36,0.36,0.6,0.3,0.48,0.06,0.24,0.06,0.18,0,0,0.22,0.54,0.36,0.24,0.42,0.66,0.1,0,0.72,0.54,0.24,0.06,
0.00670014,0.3,0,0.28,0.14,0.08,0.04,0,0.18,0.66,0.78,0.42,0.6,0.06,0.24,0.36,0.48,0.3,0.48,0.16,0.12,0.06,0.18,0,0,0.32,0.66,0.36,0.24,0.54,0.54,0.2,0.06,0.84,0.54,0.24,0.06,
0.00672014,0.3,0,0.26,0,0.06,0.02,0,0.18,0.78,0.9,0.42,0.6,0.04,0.12,0.24,0.48,0.18,0.6,0.14,0.12,0.18,0.3,0,0,0.3,0.66,0.36,0.24,0.54,0.66,0.3,0.06,0.84,0.54,0.24,0.06,
0.00674014,0.18,0,0.12,0.04,0.04,0,0.04,0.06,0.78,0,0.42,0.6,0.02,0.12,0.24,0.6,0.06,0.6,0.12,0.12,0.3,0.3,0,0,0.28,0.78,0.36,0.24,0.42,0.54,0.28,0.18,0.84,0.54,0.24,0.18,
0.00676014,0.18,0.1,0.22,0,0.14,0,0,0.06,0.9,0.06,0.42,0.48,0,0.12,0.12,0.6,0.18,0.72,0.1,0,0.42,0.3,0,0.12,0.26,0.66,0.48,0.12,0.42,0.54,0.38,0.18,0.84,0.54,0.36,0.18,
0.00678014,0.06,0.08,0.2,0.04,0.24,0.1,0.1,0,0.78,0,0.54,0.48,0,0.12,5.55112e-17,0.6,0.18,0.84,0,0.12,0.42,0.3,0,0.12,0.12,0.66,0.48,0.12,0.42,0.66,0.36,0.18,0.96,0.54,0.36,0.18,
0.00680014,0.18,0.06,0.06,0.14,0.34,0.2,0.08,0,0.78,0.06,0.42,0.6,0,0,5.55112e-17,0.48,0.3,0.72,0,0.12,0.42,0.18,0.06,0,0.1,0.78,0.48,0.24,0.42,0.54,0.22,0.3,0.96,0.54,0.48,0.18,
0.00682014,0.06,0,0,0.12,0.32,0.18,0.06,0,0.78,0.06,0.3,0.6,0,0,5.55112e-17,0.48,0.18,0.84,0,0,0.3,0.18,0.06,0.12,0,0.66,0.6,0.36,0.3,0.54,0.2,0.3,0,0.54,0.48,0.18,
0.00684014,0.18,0.04,0.04,0.1,0.42,0.28,0.04,0.12,0.78,0.06,0.42,0.48,0.1,0.06,0,0.36,0.18,0.96,0.1,0,0.18,0.3,0.18,0.12,0.04,0.66,0.72,0.36,0.3,0.54,0.06,0.18,0.12,0.54,0.36,0.18,
0.00686014,0.3,0,0,0.08,0.52,0.38,0.04,0.12,0.78,0.06,0.3,0.48,0,0.18,0.12,0.48,0.3,0,0.08,0,0.18,0.42,0.06,0.24,0.02,0.66,0.84,0.36,0.18,0.54,0,0.18,0.12,0.54,0.36,0.18,
0.00688014,0.42,0.04,0.04,0.18,0.5,0.48,0.02,0,0.78,0,0.3,0.36,0,0.18,0.12,0.48,0.42,0.06,0.18,0.06,0.18,0.42,0.06,0.36,0.04,0.78,0.84,0.36,0.18,0.54,0.1,0.18,0.12,0.66,0.36,0.18,
0.00690014,0.42,0.02,0,0.16,0.48,0.58,0.12,0.12,0.9,0,0.3,0.48,0.04,0.18,0.12,0.48,0.54,0.06,0.28,0.06,0.06,0.42,0.06,0.36,0.04,0.78,0.84,0.36,0.18,0.54,0.08,0.3,0.12,0.78,0.36,0.18,
0.00692014,0.42,0.12,0,0.26,0.58,0.44,0.1,0.12,0.9,0.06,0.3,0.6,0.14,0.3,0,0.6,0.54,0.18,0.38,0.06,0.06,0.54,0,0.36,0.14,0.78,0.84,0.36,0.06,0.54,0.06,0.42,0.24,0.78,0.48,0.06,
0.00694014,0.42,0,0,0.24,0.56,0.42,0,0,0.9,0.18,0.18,0.6,0.12,0.18,0.12,0.72,0.54,0.3,0.36,0,0.06,0.42,0.06,0.24,0,0.66,0.96,0.36,0.06,0.42,0.04,0.42,0.12,0.9,0.48,0,
0.00696014,0.54,0.04,0.1,0.34,0.42,0.4,0.1,0,0,0.06,0.06,0.72,0,0.18,0.12,0.6,0.42,0.3,0.22,0,0.06,0.54,0.06,0.24,0.04,0.54,0.84,0.36,0.06,0.42,0.14,0.42,0,0.9,0.36,0,
0.00698014,0.66,0,0.2,0.32,0.52,0.38,0.08,0.12,0,0.06,0.18,0.72,0.1,0.06,0.24,0.48,0.3,0.18,0.32,0.06,0,0.54,0.18,0.24,0,0.66,0.84,0.48,0.06,0.42,0,0.54,0,0.9,0.24,0.12,
0.00700014,0.78,0,0.18,0.3,0.5,0.36,0.06,0.12,0.12,0.06,0.3,0.84,0,0.06,0.36,0.6,0.42,0.18,0.3,0.06,0,0.54,0.18,0.12,0,0.54,0.96,0.36,0.06,0.42,0,0.54,0,0.78,0.24,0.24,
0.00702014,0.78,0.1,0.16,0.28,0.48,0.34,0.04,0,0.12,0.06,0.18,0.84,0,0,0.24,0.72,0.42,0.18,0.4,0,0,0.54,0.3,0.24,0,0.66,0.84,0.48,0.06,0.3,0.1,0.66,0,0.78,0.36,0.24,
0.00704014,0.78,0.08,0.26,0.26,0.34,0.2,0.04,0.12,0.24,0.18,0.18,0.72,0.04,0,0.24,0.6,0.42,0.06,0.5,0,0.06,0.54,0.18,0.12,0,0.78,0.84,0.48,0.18,0.42,0.08,0.66,0.06,0.66,0.24,0.36,
0.00706014,0.9,0,0.24,0.36,0.44,0.06,0.04,0.12,0.36,0.06,0.3,0.72,0,0.06,0.12,0.72,0.54,0.06,0.6,0.06,0.18,0.66,0.3,0.12,0.04,0.78,0.72,0.36,0.3,0.42,0.06,0.78,0.06,0.66,0.24,0.36,
0.00708014,0.78,0,0.1,0.34,0.54,0.04,0.02,0,0.48,0.06,0.3,0.6,0,0.06,0,0.72,0.66,0.06,0.58,0.06,0.06,0.66,0.3,0.12,0,0.66,0.72,0.36,0.3,0.54,0,0.9,0.06,0.78,0.24,0.48,
0.00710014,0.78,0.1,0.08,0.44,0.64,0,0,0,0.48,0.06,0.42,0.6,0,0,0,0.72,0.78,0,0.56,0.06,0.06,0.66,0.42,0.24,0.1,0.78,0.72,0.48,0.3,0.54,0.04,0.9,0.06,0.9,0.36,0.48,
0.00712014,0.66,0,0.18,0.42,0.74,0.04,0.04,0,0.6,0.06,0.54,0.72,0.1,0.12,0,0.6,0.78,0,0.54,0.18,0.18,0.66,0.42,0.36,0.2,0.78,0.84,0.48,0.42,0.54,0.02,0.9,0,0,0.36,0.36,
0.00714014,0.66,0.04,0.16,0.28,0.84,0,0.04,0,0.6,0.06,0.54,0.84,0,0.24,0,0.72,0.78,0.12,0.64,0.18,0.3,0.54,0.54,0.24,0.3,0.9,0.72,0.36,0.54,0.66,0,0.78,0.12,0.12,0.36,0.36,
0.00716014,0.66,0,0.14,0.26,0.82,0,0,0.06,0.6,0.18,0.42,0.84,0,0.12,0,0.72,0.66,0.24,0.62,0.3,0.18,0.54,0.66,0.24,0.28,0.9,0.72,0.36,0.54,0.54,0.1,0.78,0.12,0.24,0.36,0.48,
0.00718014,0.54,0,0.12,0.24,0.92,0,0.04,0.06,0.6,0.06,0.54,0.84,0,0.12,0,0.72,0.54,0.36,0.6,0.3,0.06,0.42,0.54,0.24,0.26,0.9,0.72,0.36,0.54,0.66,0.2,0.9,0.12,0.12,0.36,0.6,
0.00720014,0.66,0.1,0,0.34,0.78,0,0.02,0,0.48,0,0.42,0.72,0.1,0.24,0.12,0.6,0.42,0.36,0.58,0.42,0.06,0.54,0.54,0.36,0.12,0.9,0.6,0.24,0.54,0.66,0.18,0.78,0.24,0.24,0.36,0.72,
0.00722014,0.66,0.2,0.1,0.44,0.88,0,0.12,0.06,0.48,0.06,0.54,0.72,0.08,0.24,0.12,0.6,0.54,0.36,0.56,0.54,0.18,0.54,0.42,0.36,0.22,0,0.6,0.36,0.66,0.66,0.16,0.9,0.36,0.36,0.48,0.84,
0.00724014,0.66,0.18,0.08,0.3,0.86,0.04,0.22,0,0.36,0,0.54,0.6,0.18,0.24,0.24,0.48,0.54,0.36,0.54,0.54,0.3,0.54,0.3,0.48,0.2,0.12,0.72,0.48,0.54,0.66,0.02,0.9,0.36,0.36,0.48,0.72,
0.00726014,0.66,0.16,0,0.28,0.84,0.02,0.32,0.06,0.24,0,0.42,0.48,0.16,0.24,0.12,0.6,0.54,0.36,0.52,0.54,0.3,0.54,0.18,0.48,0.18,0.12,0.6,0.36,0.54,0.78,0,0.78,0.48,0.36,0.48,0.84,
0.00728014,0.78,0.02,0.1,0.38,0.82,0.04,0.3,0.06,0.36,0,0.42,0.48,0.14,0.36,0.24,0.6,0.42,0.24,0.5,0.66,0.3,0.54,0.06,0.6,0.16,0.12,0.48,0.24,0.54,0.78,0,0.66,0.36,0.36,0.36,0.84,
0.00730014,0.9,0.12,0,0.24,0.92,0,0.4,0.06,0.24,0,0.3,0.48,0,0.36,0.36,0.6,0.42,0.24,0.48,0.66,0.3,0.54,0.06,0.6,0.14,0.12,0.36,0.24,0.42,0.78,0.04,0.66,0.24,0.24,0.36,0.72,
0.00732014,0.9,0.1,0.1,0.1,0,0,0.38,0.06,0.24,0,0.3,0.48,0,0.24,0.36,0.72,0.3,0.36,0.34,0.78,0.42,0.66,0.18,0.48,0.24,0,0.48,0.24,0.3,0.9,0.04,0.78,0.24,0.12,0.36,0.84,
0.00732014,0.9,0.1,0.1,0.1,0,0,0.38,0.06,0.24,0,0.3,0.48,0,0.24,0.36,0.72,0.3,0.36,0.34,0.78,0.42,0.66,0.18,0.48,0.24,0,0.48,0.24,0.3,0.9,0.04,0.78,0.24,0.12,0.36,0.84,
0.00734014,0.9,0,0,0.08,0,0,0.36,0.06,0.12,0.06,0.3,0.48,0,0.36,0.48,0.72,0.3,0.24,0.2,0.78,0.3,0.78,0.06,0.48,0.22,0,0.36,0.24,0.42,0.78,0.14,0.78,0.24,0.24,0.36,0.72,
0.00736014,0,0.1,0.1,0,0,0,0.34,0,0.24,0.06,0.18,0.48,0.04,0.48,0.6,0.72,0.42,0.24,0.06,0.9,0.3,0.78,0.18,0.6,0.08,0,0.36,0.36,0.42,0.66,0.12,0.9,0.12,0.24,0.48,0.72,
0.00736014,0,0.1,0.1,0,0,0,0.34,0,0.24,0.06,0.18,0.48,0.04,0.48,0.6,0.72,0.42,0.24,0.06,0.9,0.3,0.78,0.18,0.6,0.08,0,0.36,0.36,0.42,0.66,0.12,0.9,0.12,0.24,0.48,0.72,
0.00738014,0,0.2,0,0.1,0.06,0.04,0.2,0.12,0.24,0,0.06,0.6,0.02,0.36,0.6,0.72,0.54,0.24,0.16,0,0.18,0.78,0.18,0.6,0.06,0,0.36,0.36,0.42,0.78,0,0,0.12,0.24,0.48,0.72,
0.00738014,0,0.2,0,0.1,0.06,0.04,0.2,0.12,0.24,0,0.06,0.6,0.02,0.36,0.6,0.72,0.54,0.24,0.16,0,0.18,0.78,0.18,0.6,0.06,0,0.36,0.36,0.42,0.78,0,0,0.12,0.24,0.48,0.72,
0.00740014,0.12,0.3,0,0.08,0.06,0.02,0.18,0.12,0.36,0.12,0.06,0.6,0,0.36,0.6,0.72,0.42,0.24,0.02,0,0.3,0.78,0.3,0.6,0.04,0.06,0.24,0.24,0.3,0.9,0,0,0.24,0.36,0.48,0.6,
0.00742014,0.12,0.4,0,0.18,0.06,0,0.28,0,0.36,0,0,0.6,0,0.36,0.6,0.6,0.42,0.12,0,0.12,0.18,0.78,0.3,0.6,0.02,0,0.24,0.24,0.42,0.9,0,0,0.36,0.48,0.6,0.48,
0.00744014,0.12,0.38,0.1,0.04,0.06,0,0.26,0,0.36,0.12,0,0.48,0.04,0.36,0.72,0.48,0.42,0.12,0,0.12,0.3,0.78,0.3,0.72,0,0,0.24,0.36,0.42,0.78,0.1,0,0.36,0.48,0.48,0.6,
0.00746014,0.12,0.48,0.2,0,0.06,0,0.36,0,0.36,0.12,0.12,0.6,0.04,0.36,0.72,0.48,0.42,0.12,0,0,0.18,0.78,0.3,0.72,0.04,0,0.24,0.36,0.42,0.9,0.2,0.12,0.36,0.36,0.48,0.6,
0.00748014,0.24,0.46,0.18,0,0.06,0,0.34,0.12,0.36,0,0.12,0.6,0.04,0.48,0.72,0.36,0.3,0,0.04,0.06,0.06,0.9,0.3,0.6,0,0.06,0.24,0.24,0.54,0.9,0.06,0.24,0.36,0.36,0.48,0.6,
0.00750014,0.24,0.44,0.16,0.04,0.06,0,0.32,0.24,0.48,0,0.12,0.6,0.02,0.48,0.84,0.36,0.3,0,0.14,0.18,0.18,0.9,0.18,0.48,0,0.06,0.12,0.24,0.54,0.78,0.16,0.24,0.48,0.24,0.48,0.48,
0.00752014,0.12,0.42,0.14,0.14,0.06,0,0.18,0.24,0.36,0,0,0.48,0.04,0.6,0.84,0.24,0.18,0.12,0.24,0.18,0.06,0,0.18,0.48,0.04,0.06,5.55112e-17,0.36,0.54,0.66,0.14,0.12,0.48,0.24,0.48,0.6,
0.00754014,0,0.4,0.12,0.24,0.18,0.1,0.16,0.24,0.36,0,0,0.48,0.14,0.72,0.96,0.36,0.18,0.12,0.1,0.3,0,0,0.18,0.36,0.14,0.06,5.55112e-17,0.48,0.54,0.54,0.12,0.24,0.48,0.36,0.36,0.6,
0.00756014,0.12,0.38,0.1,0.1,0.18,0,0.14,0.36,0.36,0,0,0.36,0.12,0.72,0.84,0.48,0.3,0.24,0.2,0.42,0,0,0.3,0.24,0.12,0,0,0.48,0.42,0.66,0,0.36,0.6,0.36,0.36,0.48,
0.00758014,0,0.36,0.2,0.08,0.18,0.04,0.12,0.36,0.48,0.12,0,0.36,0.22,0.84,0.96,0.6,0.18,0.12,0.06,0.54,0,0.06,0.42,0.24,0.1,0,0,0.36,0.3,0.78,0,0.24,0.72,0.36,0.36,0.6,
0.00760014,0.12,0.34,0.18,0.06,0.18,0.04,0.1,0.24,0.48,0.12,0.12,0.24,0.2,0.84,0.84,0.6,0.18,0.12,0.16,0.54,0.06,0.18,0.42,0.12,0,0.06,0.06,0.36,0.18,0.66,0.04,0.36,0.84,0.48,0.36,0.72,
0.00762014,0,0.32,0.28,0,0.3,0.04,0.08,0.24,0.48,0.12,0.12,0.24,0.06,0.72,0.72,0.72,0.18,0.12,0.26,0.54,0.06,0.06,0.42,0.12,0.04,0,0,0.36,0.18,0.54,0.14,0.36,0.72,0.36,0.24,0.6,
0.00764014,0,0.3,0.26,0.04,0.3,0.04,0.06,0.12,0.48,0.12,0.24,0.36,0.16,0.72,0.84,0.84,0.06,0,0.36,0.54,0.06,0,0.54,0.12,0,0.06,0.12,0.36,0.18,0.54,0.12,0.48,0.72,0.36,0.12,0.48,
0.00766014,0.12,0.16,0.24,0.02,0.42,0,0,0,0.48,0.12,0.24,0.48,0.02,0.72,0.72,0.72,0.06,0,0.22,0.66,0.18,0,0.66,0.12,0,0,0.24,0.24,0.06,0.54,0.22,0.36,0.72,0.36,0.12,0.36,
0.00768014,0,0.14,0.22,0.12,0.3,0,0.04,0.06,0.48,0.12,0.36,0.48,0,0.72,0.84,0.84,0.06,0.06,0.32,0.54,0.06,0,0.54,0.24,0,0.12,0.24,0.24,0,0.54,0.2,0.48,0.84,0.24,0.12,0.48,
0.00770014,0,0.12,0.2,0.22,0.18,0.04,0.14,0.06,0.48,0,0.48,0.48,0.04,0.84,0.84,0.84,0.06,0,0.18,0.54,0.06,0.12,0.54,0.36,0,0.24,0.24,0.36,0,0.54,0.18,0.36,0.96,0.24,5.55112e-17,0.48,
0.00772014,0,0.22,0.18,0.2,0.3,0,0.12,0.06,0.48,0,0.6,0.36,0.02,0.84,0.96,0.72,0.06,0.06,0.04,0.42,0.18,0.12,0.66,0.48,0,0.36,0.36,0.36,0.06,0.54,0.16,0.36,0.06,0.12,0,0.48,
0.00774014,0,0.2,0.04,0.3,0.18,0,0.1,0.06,0.6,0.12,0.72,0.24,0.04,0.84,0.96,0.84,0.18,0.18,0,0.42,0.3,0.12,0.66,0.36,0,0.36,0.36,0.36,0,0.54,0.14,0.24,0.06,0.12,0.06,0.48,
0.00775014,0.06,0.26,0.1,0.24,0.24,0.06,0.04,0,0.66,0.18,0.78,0.18,0,0.9,0,0.78,0.12,0.24,0,0.48,0.36,0.06,0.72,0.3,0.06,0.42,0.3,0.42,0.06,0.48,0.08,0.18,0.12,0.06,0,0.42,
0.00776014,0,0.3,0.02,0.16,0.18,0.1,0,0,0.6,0.24,0.72,0.24,0.04,0.96,0.06,0.72,0.18,0.3,0.04,0.54,0.3,0,0.66,0.24,0,0.48,0.24,0.36,0.12,0.54,0.12,0.12,0.18,0.12,0.06,0.36,
0.00778014,0,0.16,0.12,0.02,0.06,0,0,0.12,0.6,0.36,0.84,0.24,0.02,0.84,0,0.84,0.18,0.3,0.02,0.54,0.3,0,0.66,0.36,0.04,0.48,0.24,0.48,0,0.66,0.1,0.24,0.3,0.12,0.06,0.36,
0.00780014,0,0.14,0.22,0,0.18,0.04,0,0.12,0.48,0.36,0.96,0.12,0.12,0.96,0,0.84,0.06,0.3,0.04,0.66,0.3,0,0.54,0.36,0.02,0.48,0.36,0.36,0.06,0.78,0.08,0.36,0.42,0,0,0.48,
0.00782014,0.12,0,0.08,0.04,0.06,0.04,0,0.12,0.48,0.24,0.06,0.12,0.22,0.84,0,0.72,0.06,0.42,0.14,0.78,0.3,0.06,0.54,0.24,0.12,0.48,0.36,0.36,0,0.66,0.18,0.36,0.42,0,0.12,0.36,
0.00784014,0.12,0,0.06,0.04,0.18,0.02,0,0.24,0.48,0.24,0.06,0.12,0.08,0.84,0,0.72,0.18,0.42,0.12,0.9,0.3,0.06,0.66,0.36,0.22,0.6,0.24,0.36,0,0.66,0.16,0.24,0.42,0,0.12,0.36,
0.00786014,0,0.04,0.04,0.04,0.3,0,0,0.24,0.48,0.36,0.06,5.55112e-17,0.06,0.96,0.06,0.84,0.3,0.3,0.1,0.9,0.18,0.06,0.66,0.24,0.2,0.48,0.12,0.36,0.12,0.66,0.02,0.12,0.54,0,0.12,0.36,
0.00788014,0.06,0.02,0,0.02,0.42,0.1,0,0.24,0.6,0.24,0.06,0,0.04,0.84,0.06,0.84,0.3,0.42,0.2,0.78,0.18,0.06,0.78,0.12,0.18,0.36,0.24,0.24,0.24,0.78,0,0,0.66,0.12,0.24,0.24,
0.00790014,0,0,0,0.12,0.42,0.08,0,0.24,0.6,0.12,0,0.12,0.04,0.72,0.06,0.96,0.42,0.54,0.18,0.78,0.18,0.06,0.78,0.12,0.28,0.48,0.36,0.24,0.24,0.9,0,0.06,0.66,0.12,0.24,0.24,
0.00792014,0.06,0,0,0.1,0.3,0.18,0,0.24,0.72,0.24,0,0.12,0,0.72,0.18,0.84,0.42,0.42,0.16,0.66,0.06,0.18,0.78,0.24,0.14,0.48,0.24,0.24,0.36,0,0,0.06,0.66,0.24,0.24,0.12,
0.00792014,0.06,0,0,0.1,0.3,0.18,0,0.24,0.72,0.24,0,0.12,0,0.72,0.18,0.84,0.42,0.42,0.16,0.66,0.06,0.18,0.78,0.24,0.14,0.48,0.24,0.24,0.36,0,0,0.06,0.66,0.24,0.24,0.12,
0.00794014,0,0,0,0.08,0.3,0.16,0,0.36,0.72,0.36,0,0.24,0.1,0.84,0.18,0.72,0.3,0.3,0.02,0.66,0,0.18,0.78,0.24,0,0.36,0.36,0.24,0.48,0,0,0,0.54,0.12,0.12,0.12,
0.00796014,0,0.04,0.1,0.06,0.3,0.14,0.1,0.24,0.84,0.24,0,0.36,0.08,0.72,0.18,0.72,0.18,0.3,0,0.78,0,0.3,0.78,0.12,0,0.24,0.36,0.36,0.48,0,0,0,0.42,0.12,0,5.55112e-17,
0.00798014,0.06,0,0,0.04,0.42,0.12,0.08,0.24,0.84,0.12,0.12,0.24,0,0.84,0.3,0.72,0.18,0.18,0.04,0.78,0.06,0.3,0.78,0.24,0.04,0.12,0.36,0.48,0.48,0.12,0,0.12,0.42,0.24,0.06,0.12,
0.00800014,0.06,0.04,0,0,0.42,0.22,0.18,0.24,0.72,0,0.24,0.12,0,0.96,0.3,0.72,0.18,0.06,0.02,0.9,0.06,0.3,0.9,0.36,0.02,0.12,0.48,0.6,0.48,0.12,0.1,0.24,0.54,0.36,0.06,0.24,
0.00802014,0.06,0.02,0.1,0,0.54,0.2,0.16,0.36,0.6,0.06,0.36,0.12,0,0.06,0.3,0.72,0.06,0.06,0.12,0.9,0.06,0.18,0.9,0.36,0,0.12,0.48,0.6,0.6,0.12,0.08,0.36,0.54,0.24,0.06,0.36,
0.00804014,0,0,0.08,0,0.54,0.3,0.14,0.36,0.6,0.06,0.36,0.12,0.04,0.18,0.3,0.84,0.06,0.06,0.1,0.9,0,0.18,0,0.24,0.1,5.55112e-17,0.48,0.6,0.72,0.12,0.06,0.36,0.42,0.24,0.06,0.48,
0.00804014,0,0,0.08,0,0.54,0.3,0.14,0.36,0.6,0.06,0.36,0.12,0.04,0.18,0.3,0.84,0.06,0.06,0.1,0.9,0,0.18,0,0.24,0.1,5.55112e-17,0.48,0.6,0.72,0.12,0.06,0.36,0.42,0.24,0.06,0.48,
0.00806014,0,0,0.18,0.04,0.66,0.16,0.24,0.48,0.48,0.18,0.48,0.12,0.04,0.18,0.18,0.72,0,0.18,0.2,0.9,0,0.18,0.12,0.24,0.08,0,0.36,0.6,0.72,0,0.16,0.36,0.42,0.24,0.06,0.48,
0.00808014,0,0.04,0.16,0.02,0.54,0.02,0.34,0.48,0.6,0.3,0.36,0,0.14,0.18,0.06,0.72,0,0.06,0.3,0,0.06,0.18,0.12,0.24,0.18,0.06,0.24,0.48,0.72,0,0.14,0.36,0.54,0.36,0.06,0.48,
0.00810014,0.12,0,0.14,0,0.54,0.04,0.44,0.36,0.6,0.3,0.24,0.12,0.12,0.18,0.06,0.72,0.12,0.06,0.28,0.12,0.18,0.18,0,0.36,0.16,0.06,0.24,0.36,0.72,0,0,0.48,0.54,0.36,0.06,0.48,
0.00812014,0,0.04,0,0,0.54,0.02,0.42,0.48,0.48,0.3,0.24,0.12,0.1,0.18,0,0.72,0.12,0.06,0.26,0.12,0.18,0.18,0.06,0.36,0.26,0,0.24,0.48,0.72,0.06,0.04,0.48,0.66,0.48,0.06,0.48,
0.00814014,0.06,0.02,0,0,0.42,0,0.52,0.48,0.48,0.3,0.24,0,0.08,0.3,0.12,0.6,0.12,0.18,0.24,0.12,0.06,0.06,0.06,0.24,0.24,0,0.24,0.48,0.84,0.06,0.02,0.48,0.66,0.36,0,0.6,
0.00816014,0.06,0.04,0,0,0.3,0.04,0.38,0.36,0.36,0.42,0.36,0.06,0,0.3,0.12,0.6,0.12,0.06,0.22,0.12,0,0,0,0.12,0.22,0.06,0.36,0.6,0.84,0.06,0.12,0.48,0.78,0.36,0,0.48,
0.00818014,0.06,0.02,0.04,0.04,0.3,0.02,0.24,0.24,0.48,0.3,0.48,0.18,0,0.18,0,0.48,0,0.06,0.2,0.12,0.12,0,0,5.55112e-17,0.2,0,0.48,0.6,0.96,0.06,0,0.48,0.9,0.36,0.06,0.48,
0.00820014,0,0.04,0,0.04,0.42,0.12,0.1,0.12,0.6,0.3,0.36,0.18,0,0.06,0.06,0.48,0,0.18,0.18,0,0.12,0.12,0,0,0.3,0,0.48,0.6,0.96,0,0,0.48,0.78,0.36,0.06,0.48,
0.00821014,0,0.1,0,0,0.48,0.06,0.16,0.06,0.66,0.36,0.3,0.24,0.06,0.12,0,0.54,0.06,0.12,0.12,0,0.18,0.06,0.06,0,0.24,0,0.42,0.66,0,0,0,0.42,0.84,0.42,0.12,0.54,
0.00822014,0.06,0.02,0.04,0,0.54,0.1,0.2,5.55112e-17,0.6,0.3,0.36,0.18,0,0.06,0,0.48,0.12,0.18,0.16,0,0.24,0.12,0,0.06,0.28,0,0.36,0.6,0,0.06,0.04,0.48,0.78,0.36,0.18,0.48,
0.00824014,0.18,0,0.02,0.04,0.54,0.08,0.06,0.12,0.72,0.42,0.36,0.18,0,0.18,0.12,0.36,0.12,0.06,0.14,0.06,0.12,0.12,0.12,0.18,0.26,0,0.24,0.48,0,0.18,0.02,0.48,0.78,0.36,0.3,0.6,
0.00826014,0.06,0.04,0.12,0.02,0.54,0.06,0,0.12,0.72,0.3,0.48,0.06,0,0.18,0.12,0.48,0.12,0.18,0,0.06,0.12,0.12,0.24,0.18,0.36,0,0.24,0.36,0.06,0.06,0,0.6,0.78,0.36,0.18,0.6,
0.00828014,0.06,0,0.1,0,0.54,0,0,5.55112e-17,0.72,0.3,0.6,0,0.04,0.06,0.24,0.36,0.24,0.18,0.04,0.18,0.12,0.12,0.12,0.06,0.46,0.12,0.24,0.24,0.06,0.06,0.04,0.6,0.78,0.24,0.18,0.6,
0.00830014,0.06,0.1,0.08,0.1,0.66,0,0.04,0.06,0.72,0.3,0.6,0,0.14,0,0.24,0.36,0.24,0.18,0.14,0.3,0.24,0,0.12,0.06,0.44,0,0.36,0.12,0.18,0,0.04,0.6,0.66,0.24,0.3,0.48,
0.00832014,0.06,0.08,0.18,0.08,0.66,0.04,0.02,0,0.72,0.3,0.6,0.12,0,0.06,0.24,0.48,0.36,0.18,0.24,0.18,0.36,0.06,0.12,0.06,0.3,0,0.36,0.24,0.3,0,0,0.48,0.66,0.24,0.3,0.6,
0.00834014,0.18,0.18,0.04,0.18,0.54,0.14,0,0,0.72,0.18,0.6,0.24,0.04,0.06,0.24,0.48,0.48,0.18,0.34,0.18,0.36,0.18,0.24,0.06,0.28,0.06,0.24,0.24,0.42,0,0.1,0.48,0.54,0.36,0.3,0.6,
0.00836014,0.18,0.16,0.02,0.04,0.54,0.12,0,0.06,0.6,0.06,0.6,0.36,0.04,0.06,0.24,0.48,0.48,0.06,0.32,0.18,0.24,0.3,0.36,0.06,0.14,0.06,0.12,0.24,0.3,0,0.08,0.48,0.42,0.24,0.3,0.72,
0.00838014,0.06,0.14,0,0,0.66,0.22,0,0.06,0.48,0.06,0.6,0.36,0.04,0.06,0.12,0.48,0.36,0.06,0.42,0.18,0.12,0.3,0.24,0.06,0.24,0.06,5.55112e-17,0.12,0.3,0,0.18,0.6,0.54,0.24,0.18,0.72,
0.00840014,0.06,0.12,0,0,0.66,0.2,0,0.06,0.48,0.06,0.48,0.36,0,0.18,0.12,0.6,0.24,0,0.4,0.3,0.12,0.3,0.24,0.06,0.22,0,0.12,5.55112e-17,0.18,0.06,0.16,0.6,0.66,0.12,0.06,0.6,
0.00842014,0.06,0,0.04,0,0.54,0.06,0,0,0.48,0,0.36,0.36,0.04,0.06,0.12,0.48,0.36,0.06,0.5,0.3,0,0.18,0.24,0.06,0.2,0,0.12,0,0.06,0.06,0.14,0.48,0.66,0.12,0.06,0.6,
0.00844014,0.06,0.1,0,0,0.54,0.04,0,0.06,0.36,0,0.48,0.24,0,0.18,0.24,0.6,0.36,0.06,0.6,0.3,0.06,0.3,0.12,0.06,0.18,0,5.55112e-17,0,0,0.06,0.12,0.48,0.78,0.12,0.06,0.48,
0.00846014,0.06,0.2,0.04,0.1,0.66,0.14,0.04,0,0.36,0.12,0.48,0.12,0.1,0.3,0.12,0.72,0.48,0.06,0.46,0.42,0.06,0.3,0.12,0,0.16,0,0.12,0.06,0,0.18,0,0.48,0.78,0.24,0,0.48,
0.00848014,0.06,0.06,0.02,0.2,0.66,0.12,0.14,0.06,0.36,0.12,0.36,0.12,0.2,0.3,0.12,0.6,0.48,0.06,0.56,0.42,0,0.3,0.12,0.06,0.26,0,0.24,0.06,0,0.06,0,0.48,0.78,0.36,0.12,0.48,
0.00850014,0,0,0.12,0.3,0.54,0,0.24,0.06,0.36,0.12,0.36,0,0.18,0.3,0.12,0.6,0.48,0.06,0.54,0.42,0,0.3,0.12,0.18,0.24,0.12,0.12,0.06,0.12,0,0,0.6,0.78,0.36,0,0.48,
0.00852014,0.06,0.04,0.1,0.28,0.54,0.1,0.22,0.06,0.24,0.12,0.36,0,0.28,0.3,0.12,0.6,0.48,0.06,0.64,0.42,0.12,0.18,0,0.18,0.1,0.12,0.24,0.06,0.12,0.06,0,0.48,0.9,0.24,0.06,0.6,
0.00854014,0.06,0,0.08,0.26,0.54,0,0.08,0.06,0.36,0.24,0.36,0.12,0.38,0.18,0.12,0.6,0.36,0.06,0.5,0.54,0.24,0.3,0.06,0.18,0.2,0,0.36,0.06,0.12,0.06,0,0.48,0.9,0.24,0.18,0.6,
0.00856014,0.18,0.1,0.18,0.24,0.54,0.1,0,0.06,0.48,0.12,0.24,0.24,0.24,0.18,0.12,0.48,0.48,0.06,0.6,0.54,0.12,0.18,0.06,0.18,0.06,0.12,0.36,0.18,0.12,0.06,0,0.6,0,0.36,0.06,0.72,
0.00858014,0.3,0.08,0.04,0.22,0.54,0.08,0,0.18,0.36,0.24,0.36,0.36,0.22,0.18,0,0.6,0.36,0,0.58,0.54,0,0.3,0.06,0.18,0.16,0.24,0.36,0.06,0,0.18,0.04,0.6,0.06,0.24,0.18,0.72,
0.00860014,0.3,0.06,0.04,0.08,0.42,0.18,0.1,0.18,0.48,0.36,0.36,0.38374,0.2,0.18,0.12,0.6,0.24,0.06,0.68,0.54,0.06,0.3,0.06,0.06,0.14,0.12,0.36,0.18,0.06,0.3,0.02,0.48,0,0.24,0.18,0.72,
0.00862014,0.18,0.16,0.02,0,0.54,0.16,0.2,0.18,0.48,0.36,0.48,0.52748,0.3,0.18,0,0.6,0.12,0,0.66,0.54,0.18,0.3,0.06,0.06,0.12,0,0.36,0.18,0.06,0.3,0.12,0.36,0,0.24,0.3,0.84,
0.00864014,0.18,0.14,0,0.1,0.54,0.14,0.18,0.18,0.6,0.24,0.48,0.43122,0.16,0.18,0,0.72,0.12,0,0.52,0.42,0.18,0.3,0.06,0.18,0.1,0,0.36,0.3,0.18,0.18,0.1,0.36,0,0.24,0.3,0.84,
0.00866014,0.06,0.12,0.04,0.08,0.54,0.24,0.04,0.18,0.6,0.36,0.48,0.57496,0.02,0.18,0.06,0.72,0.24,0.12,0.5,0.42,0.18,0.42,0.06,0.06,0.08,0.12,0.48,0.42,0.3,0.18,0.2,0.48,0.12,0.24,0.42,0.84,
0.00868014,0.06,0.22,0.02,0,0.54,0.34,0.04,0.18,0.6,0.48,0.6,0.4787,0.12,0.06,0.06,0.84,0.36,0.12,0.48,0.42,0.06,0.3,0.18,0,0.06,0,0.48,0.54,0.3,0.18,0.18,0.6,0,0.24,0.42,0.72,
0.00870014,0,0.2,0,0.04,0.54,0.32,0.04,0.06,0.72,0.36,0.48,0.38244,0.1,0.06,0,0.84,0.36,0.12,0.34,0.42,0,0.3,0.18,0,0,0,0.6,0.54,0.3,0.18,0.04,0.72,0.06,0.24,0.42,0.72,
0.00872014,0.06,0.3,0.04,0.02,0.42,0.3,0.02,0,0.72,0.36,0.48,0.40618,0.08,0.18,0.12,0.84,0.36,0.24,0.2,0.3,0.06,0.18,0.18,0.06,0,0.12,0.6,0.42,0.42,0.18,0,0.84,0.06,0.12,0.3,0.72,
0.00874014,0.18,0.28,0.04,0,0.54,0.4,0.04,0.12,0.6,0.24,0.48,0.42992,0.06,0.18,0.12,0.72,0.36,0.36,0.18,0.3,0.18,0.18,0.06,0.18,0,0.12,0.6,0.54,0.42,0.3,0,0.84,0.06,0,0.42,0.72,
0.00876014,0.3,0.26,0.04,0.04,0.54,0.38,0,0.12,0.6,0.24,0.48,0.33366,0.16,0.06,0.24,0.72,0.36,0.36,0.16,0.18,0.18,0.06,0.18,0.18,0.1,0.24,0.6,0.66,0.54,0.42,0,0.84,0.06,0,0.42,0.72,
0.00878014,0.3,0.36,0.02,0.02,0.42,0.36,0,0.12,0.48,0.12,0.48,0.3574,0.14,0.06,0.24,0.6,0.36,0.24,0.14,0.18,0.06,0.06,0.18,0.18,0.08,0.24,0.72,0.66,0.66,0.42,0,0.87451,0.06,0,0.42,0.6,
0.00880014,0.3,0.34,0.12,0.12,0.42,0.34,0.04,0.12,0.6,0.24,0.6,0.50114,0,0.18,0.36,0.48,0.48,0.24,0.24,0.3,0.06,0.06,0.18,0.06,0.06,0.12,0.72,0.66,0.66,0.42,0,0.78902,0.06,0.12,0.42,0.6,
0.00882014,0.18,0.44,0.22,0.22,0.42,0.32,0,0.12,0.6,0.12,0.48,0.52488,0,0.18,0.36,0.36,0.48,0.24,0.34,0.3,0.06,0.06,0.06,0.06,0.04,0,0.6,0.66,0.66,0.42,0,0.82353,0.06,0.12,0.42,0.6,
0.00884014,0.18,0.42,0.2,0.2,0.42,0.3,0.04,0.12,0.6,0.12,0.36,0.54862,0.04,0.06,0.48,0.36,0.36,0.36,0.32,0.3,0,0.06,0.18,0,0.04,0.12,0.48,0.66,0.66,0.42,0.1,0.73804,0,0.12,0.42,0.6,
0.00886014,0.3,0.52,0.18,0.06,0.54,0.4,0.04,0.15451,0.48,0.12,0.48,0.57236,0.04,0.18,0.36,0.48,0.24,0.36,0.18,0.3,0.06,0.18,0.18,0,0.02,0.24,0.48,0.54,0.54,0.54,0,0.89255,0,0.24,0.3,0.6,
0.00888014,0.18,0.38,0.16,0.04,0.42,0.26,0,0.18902,0.6,0.12,0.48,0.5961,0.02,0.18,0.24,0.36,0.24,0.24,0.16,0.18,0.06,0.18,0.06,0,0,0.24,0.48,0.66,0.54,0.42,0.1,0.92706,0,0.26018,0.42,0.6,
0.00890014,0.18,0.48,0.14,0,0.54,0.24,0.1,0.22353,0.6,0.24,0.48,0.49984,0.04,0.06,0.24,0.36,0.12,0.36,0.02,0.3,0.06,0.18,0.06,0,0.1,0.36,0.6,0.66,0.54,0.3,0.08,0.96157,0.06,0.16036,0.42,0.6,
0.00891014,0.24,0.54,0.2,0,0.48,0.18,0.16,0.28353,0.66,0.3,0.42,0.55984,0.1,0.12,0.3,0.42,0.18,0.42,0.08,0.36,0.12,0.12,0.12,0,0.04,0.42,0.66,0.72,0.6,0.36,0.14,0,0.12,0.22036,0.36,0.66,
0.00892014,0.18,0.46,0.12,0,0.54,0.1,0.2,0.25804,0.6,0.36,0.36,0.64358,0.02,0.18,0.36,0.36,0.24,0.48,0.12,0.42,0.06,0.18,0.06,0.06,0,0.36,0.6,0.78,0.66,0.42,0.06,0,0.19713,0.30054,0.42,0.6,
0.00894014,0.18,0.44,0.22,0,0.54,0.08,0.18,0.17255,0.72,0.24,0.36,0.78732,0.04,0.3,0.36,0.48,0.24,0.48,0.22,0.3,0.06,0.06,0.06,0.18,0,0.24,0.6,0.78,0.66,0.54,0.04,0.06,0.21426,0.32072,0.42,0.6,
0.00896014,0.3,0.42,0.2,0,0.42,0.06,0.16,0.08706,0.72,0.24,0.36,0.69106,0.14,0.3,0.24,0.36,0.36,0.48,0.2,0.3,0.06,0.18,0.18,0.18,0,0.36,0.6,0.66,0.66,0.54,0.04,0,0.35139,0.2209,0.3,0.6,
0.00898014,0.42,0.4,0.3,0,0.42,0.04,0.14,0.24157,0.72,0.12,0.48,0.5948,0.24,0.42,0.24,0.48,0.48,0.6,0.06,0.3,0.06,0.3,0.06,0.06,0,0.24,0.6,0.54,0.78,0.42,0.04,0.12,0.36852,0.36108,0.42,0.6,
0.00900014,0.42,0.5,0.4,0,0.42,0,0.12,0.15608,0.84,0.12,0.48,0.61854,0.1,0.42,0.12,0.6,0.48,0.48,0.04,0.18,0.06,0.3,0.06,0,0.04,0.12,0.72,0.54,0.78,0.54,0,0.12,0.38565,0.26126,0.3,0.48,
0.00902014,0.54,0.48,0.26,0,0.3,0,0.22,0.31059,0.84,0.12,0.6,0.64228,0.08,0.42,0.12,0.72,0.36,0.48,0.14,0.3,0.18,0.3,0.18,0.06,0.02,0,0.84,0.54,0.78,0.42,0,0,0.40278,0.28144,0.18,0.6,
0.00904014,0.54,0.46,0.24,0,0.3,0.1,0.2,0.3451,0.84,0.24,0.6,0.66602,0.06,0.54,0.24,0.6,0.48,0.36,0,0.42,0.06,0.42,0.18,0,0.04,0,0.96,0.54,0.78,0.54,0.04,0.12,0.41991,0.30162,0.3,0.6,
0.00905014,0.6,0.4,0.18,0.06,0.24,0.16,0.14,0.2851,0.9,0.18,0.66,0.72602,0,0.48,0.18,0.66,0.42,0.3,0.06,0.36,0,0.36,0.24,0.06,0.1,0.06,0,0.6,0.84,0.48,0,0.06,0.47991,0.36162,0.24,0.66,
0.00906014,0.54,0.32,0.22,0,0.3,0.2,0.18,0.37961,0.84,0.24,0.72,0.68976,0,0.42,0.24,0.72,0.36,0.24,0,0.42,0.06,0.42,0.3,0.12,0.14,0,0.06,0.54,0.9,0.54,0.04,0.12,0.55704,0.3218,0.18,0.6,
0.00908014,0.54,0.18,0.32,0,0.18,0.06,0.16,0.41412,0.72,0.24,0.72,0.5935,0,0.42,0.12,0.6,0.36,0.36,0,0.54,0,0.42,0.3,0.12,0,0,0.18,0.66,0.78,0.54,0.04,0.12,0.57417,0.46198,0.18,0.6,
0.00910014,0.66,0.28,0.3,0,0.18,0.04,0.26,0.56863,0.72,0.24,0.72,0.49724,0.1,0.3,0.12,0.6,0.48,0.48,0,0.66,0,0.42,0.3,0,0,0.06,0.06,0.54,0.66,0.54,0.02,0.24,0.7113,0.48216,0.18,0.6,
0.00912014,0.66,0.26,0.4,0,0.18,0.14,0.24,0.60314,0.84,0.36,0.72,0.64098,0.2,0.42,0,0.6,0.48,0.6,0,0.66,0,0.54,0.3,0,0.04,0.06,0.06,0.66,0.78,0.54,0,0.24,0.72843,0.50234,0.3,0.72,
0.00914014,0.54,0.24,0.38,0.04,0.06,0,0.22,0.51765,0.72,0.48,0.72,0.66472,0.18,0.3,0.12,0.48,0.6,0.6,0,0.66,0,0.66,0.42,0,0,0,0.18,0.66,0.9,0.54,0.04,0.24,0.74556,0.64252,0.18,0.72,
0.00916014,0.54,0.22,0.36,0.04,0.18,0.04,0.08,0.55216,0.6,0.48,0.84,0.80846,0.04,0.18,0.12,0.48,0.6,0.72,0,0.66,0.12,0.54,0.42,0.12,0,0,0.3,0.78,0,0.54,0.04,0.12,0.76269,0.5427,0.06,0.6,
0.00918014,0.54,0.08,0.34,0,0.06,0.02,0.06,0.58667,0.48,0.36,0.96,0.9522,0,0.3,0,0.36,0.6,0.72,0.1,0.54,0.12,0.54,0.54,0.12,0.04,0,0.3,0.78,0,0.42,0.02,0.12,0.77982,0.56288,0,0.48,
0.00919014,0.48,0.02,0.28,0.06,0.12,0.08,0.12,0.64667,0.42,0.42,0.9,0,0.06,0.24,0,0.3,0.54,0.78,0.04,0.48,0.18,0.48,0.6,0.06,0,0.06,0.24,0.72,0,0.48,0,0.18,0.83982,0.50288,0.06,0.42,
0.00920014,0.42,0,0.2,0.1,0.06,0.12,0.04,0.74118,0.48,0.48,0.96,0,0.1,0.18,0,0.36,0.6,0.84,0.08,0.54,0.24,0.42,0.66,0,0,0,0.3,0.78,0,0.54,0.04,0.12,0.91695,0.46306,0,0.36,
0.00922014,0.42,0,0.3,0,0.18,0.1,0.04,0.77569,0.36,0.48,0.84,0,0.2,0.18,0,0.36,0.72,0.84,0.18,0.54,0.24,0.3,0.54,0,0.04,0.06,0.3,0.78,0,0.42,0,0.12,0.81408,0.48324,0.12,0.48,
0.00924014,0.42,0.1,0.28,0,0.3,0.08,0,0.6902,0.36,0.48,0.96,0.06,0.18,0.3,0,0.36,0.84,0.84,0.04,0.54,0.36,0.18,0.66,0.12,0,0.06,0.18,0.66,0,0.42,0,0.12,0.83121,0.38342,0.24,0.48,
0.00926014,0.42,0,0.38,0,0.3,0.18,0,0.60471,0.48,0.36,0.96,0.18,0.28,0.3,0.06,0.36,0.84,0.96,0.02,0.54,0.36,0.3,0.66,0.12,0,0,0.3,0.66,0.06,0.3,0,0.24,0.84834,0.4036,0.12,0.6,
0.00928014,0.3,0,0.36,0.1,0.18,0.28,0.04,0.75922,0.36,0.36,0.96,0.18,0.26,0.42,0.06,0.48,0.96,0.84,0.04,0.54,0.24,0.3,0.54,0.12,0.1,0.06,0.42,0.78,0.06,0.3,0.04,0.36,0.86547,0.54378,0,0.6,
0.00930014,0.42,0,0.46,0.08,0.18,0.26,0,0.79373,0.24,0.48,0,0.06,0.12,0.3,0.18,0.6,0.84,0.96,0.02,0.42,0.12,0.3,0.54,0.12,0.08,0,0.54,0.66,0.18,0.42,0,0.48,0.8826,0.56396,0.12,0.48,
0.00932014,0.42,0.04,0.44,0.06,0.18,0.24,0.04,0.70824,0.12,0.48,0,0.18,0.1,0.42,0.06,0.6,0.84,0.84,0.12,0.3,0.12,0.3,0.66,0,0.06,0.06,0.54,0.78,0.18,0.54,0,0.48,0.89973,0.58414,0.12,0.36,
0.00934014,0.42,0.14,0.3,0.04,0.18,0.22,0,0.74275,5.55112e-17,0.48,0.12,0.3,0.2,0.3,0.06,0.72,0.84,0.96,0,0.18,0.24,0.42,0.54,0.06,0.04,0.06,0.66,0.78,0.18,0.42,0.04,0.36,0.91686,0.72432,0.12,0.48,
0.00935014,0.48,0.2,0.24,0,0.24,0.28,0.06,0.68275,0,0.42,0.06,0.36,0.26,0.24,0,0.66,0.9,0,0.06,0.24,0.18,0.48,0.6,0.12,0,0.12,0.6,0.84,0.24,0.36,0.1,0.42,0.85686,0.78432,0.06,0.42,
0.00936014,0.54,0.24,0.28,0,0.18,0.32,0.1,0.77726,0,0.36,0,0.3,0.18,0.18,0.06,0.72,0.84,0.06,0,0.3,0.12,0.42,0.54,0.06,0,0.06,0.66,0.78,0.18,0.3,0.02,0.48,0.93399,0.7445,0,0.36,
0.00938014,0.42,0.22,0.14,0.1,0.3,0.3,0,0.93177,0,0.24,0,0.18,0.28,0.18,0,0.84,0.72,0.06,0.04,0.42,0.12,0.42,0.54,0.18,0.1,0,0.66,0.78,0.06,0.3,0.04,0.48,0,0.76468,0,0.36,
0.00938014,0.42,0.22,0.14,0.1,0.3,0.3,0,0.93177,0,0.24,0,0.18,0.28,0.18,0,0.84,0.72,0.06,0.04,0.42,0.12,0.42,0.54,0.18,0.1,0,0.66,0.78,0.06,0.3,0.04,0.48,0,0.76468,0,0.36,
0.00940014,0.42,0.32,0,0.08,0.3,0.4,0.04,0.96628,0.12,0.24,0,0.18,0.14,0.3,0.06,0.84,0.6,0.18,0.14,0.3,0,0.42,0.42,0.06,0.08,0,0.54,0.66,0,0.3,0.02,0.48,0.06,0.78486,0.12,0.24,
0.00941014,0.48,0.38,0,0.02,0.36,0.34,0,0,0.06,0.18,0.06,0.12,0.08,0.24,0,0.78,0.54,0.12,0.2,0.36,0.06,0.48,0.48,0,0.14,0.06,0.48,0.72,0,0.36,0,0.54,0,0.72486,0.06,0.3,
0.00942014,0.42,0.3,0,0.06,0.42,0.38,0.04,0,0,0.24,0.12,0.18,0,0.18,0,0.84,0.48,0.18,0.12,0.3,0,0.54,0.54,0,0.18,0.12,0.54,0.66,0.06,0.42,0.04,0.48,0,0.68504,0,0.26374,
0.00944014,0.42,0.28,0.1,0.04,0.42,0.48,0.02,0,0.06,0.24,0.12,0.18,0.04,0.18,0,0.96,0.48,0.3,0.1,0.18,0.12,0.54,0.54,0.12,0.28,0,0.42,0.54,0,0.42,0.02,0.48,0,0.70522,0.06,0.28748,
0.00945014,0.48,0.34,0.16,0.1,0.36,0.54,0.08,0.06,0.12,0.3,0.06,0.12,0.1,0.24,0,0,0.42,0.36,0.16,0.24,0.18,0.6,0.48,0.06,0.22,0.06,0.48,0.48,0,0.48,0.08,0.54,0.06,0.64522,0,0.22748,
0.00946014,0.42,0.38,0.2,0.02,0.42,0.58,0,0,0.06,0.24,0.12,0.06,0.02,0.18,0.06,0.06,0.48,0.3,0.2,0.18,0.24,0.66,0.42,0.12,0.26,0,0.54,0.54,0,0.54,0,0.6,0,0.7254,0,0.31122,
0.00948014,0.3,0.36,0.18,0.04,0.42,0.44,0,0,0.06,0.24,0.12,0.06,0,0.06,0.18,0,0.36,0.42,0.3,0.18,0.24,0.54,0.42,0.12,0.24,0,0.66,0.54,0,0.66,0,0.6,0.06,0.74558,0,0.33496,
0.00950014,0.3,0.34,0.28,0.14,0.3,0.3,0.1,0,0,0.24,0.12,0,0.04,0,0.18,0.06,0.24,0.42,0.16,0.3,0.24,0.54,0.54,0.24,0.1,0,0.78,0.54,0.12,0.66,0,0.6,0,0.64576,0.12,0.3587,
0.00952014,0.42,0.44,0.38,0,0.42,0.28,0.08,0.06,0.06,0.12,0,0,0.04,0.06,0.18,0.06,0.24,0.54,0.02,0.18,0.24,0.54,0.54,0.24,0,0.06,0.9,0.54,0.12,0.66,0,0.6,0.12,0.54594,0.12,0.38244,
0.00954014,0.42,0.54,0.36,0,0.54,0.38,0.06,0.06,0.06,0.24,0.06,0,0.14,0.06,0.18,0,0.24,0.42,0,0.18,0.24,0.42,0.54,0.36,0,0.06,0.9,0.42,0,0.66,0,0.72,0.12,0.56612,0.24,0.40618,
0.00956014,0.42,0.52,0.46,0.1,0.54,0.36,0.04,0.06,0.07713,0.24,0.06,0,0.24,0.18,0.18,0,0.24,0.42,0,0.18,0.36,0.54,0.66,0.24,0,0.06,0.9,0.54,0,0.66,0,0.84,0.12,0.7063,0.24,0.42992,
0.00958014,0.42,0.62,0.56,0.2,0.66,0.34,0.02,0,0.09426,0.12,0,0.06,0.22,0.3,0.18,0.06,0.24,0.42,0.1,0.3,0.36,0.54,0.66,0.24,0.04,0.06,0,0.42,0,0.54,0.04,0.84,0,0.72648,0.24,0.57366,
0.00960014,0.3,0.48,0.42,0.18,0.66,0.44,0.04,0.12,0.23139,0.12,0,0.06,0.2,0.3,0.3,0.18,0.24,0.42,0.08,0.42,0.36,0.42,0.66,0.24,0.04,0.06,0.06,0.42,0.06,0.54,0.14,0.96,0.12,0.62666,0.36,0.5974,
0.00962014,0.3,0.58,0.4,0.16,0.66,0.3,0,0.12,0.24852,0.12,0,0.06,0.18,0.42,0.3,0.3,0.12,0.54,0,0.42,0.36,0.42,0.66,0.12,0.04,0.18,0.06,0.3,0,0.42,0.24,0.84,0.12,0.64684,0.36,0.74114,
0.00964014,0.18,0.56,0.38,0.26,0.66,0.28,0.1,0,0.26565,0.12,0,0.18,0.28,0.54,0.42,0.3,0.12,0.66,0,0.42,0.24,0.42,0.54,0,0.02,0.18,0.18,0.18,0.12,0.54,0.22,0.84,0.12,0.54702,0.24,0.76488,
0.00966014,0.18,0.54,0.36,0.24,0.78,0.26,0,0,0.16278,0.12,0,0.18,0.38,0.42,0.42,0.18,5.55112e-17,0.66,0.1,0.54,0.24,0.54,0.54,0.06,0,0.18,0.06,0.18,0.24,0.42,0.2,0.72,0.12,0.5672,0.12,0.90862,
0.00968014,0.18,0.52,0.22,0.34,0.78,0.12,0,0.06,0.29991,0.12,0.02631,0.06,0.36,0.54,0.42,0.06,0,0.66,0.2,0.54,0.24,0.42,0.54,0.06,0,0.18,0,0.18,0.24,0.42,0.3,0.72,0.12,0.58738,0,0.81236,
0.00970014,0.18,0.62,0.32,0.32,0.78,0,0.04,0.06,0.31704,0.24,0.02631,0.06,0.34,0.66,0.54,0.06,0.12,0.78,0.18,0.42,0.36,0.3,0.42,0.18,0,0.06,0.06,0.06,0.24,0.3,0.28,0.72,0,0.72756,0.12,0.8361,
0.00972014,0.18,0.6,0.42,0.18,0.78,0,0.14,0,0.45417,0.36,0.05262,0.06,0.2,0.78,0.66,0.18,0.12,0.66,0.28,0.54,0.48,0.42,0.54,0.18,0,0.06,0.18,0.06,0.24,0.3,0.26,0.84,0,0.74774,0.12,0.73984,
0.00974014,0.06,0.58,0.4,0.04,0.78,0.04,0,0.06,0.5913,0.24,0.19893,0.06,0.3,0.78,0.78,0.06,0.12,0.66,0.38,0.54,0.36,0.54,0.54,0.18,0,0,0.18,0.06,0.12,0.18,0.36,0.72,0.06,0.64792,0.12,0.88358,
0.00976014,0.06,0.56,0.38,0,0.78,0.04,0.1,0,0.72843,0.12,0.22524,0.06,0.28,0.78,0.9,0.06,0.24,0.66,0.36,0.66,0.48,0.66,0.42,0.18,0,0.12,0.18,0.18,0.12,0.06,0.34,0.6,0.06,0.5481,0,0.90732,
0.00978014,0,0.66,0.36,0,0.9,0.04,0,0,0.86556,0.24,0.37155,0.18,0.38,0.78,0.9,0,0.36,0.66,0.22,0.66,0.36,0.78,0.54,0.3,0,0.12,0.06,0.3,0,0.06,0.32,0.72,0.06,0.44828,0.12,0.81106,
0.00980014,0.12,0.76,0.34,0.1,0.9,0.14,0.1,0,0.88269,0.24,0.51786,0.06,0.24,0.66,0,0,0.36,0.78,0.2,0.66,0.36,0.78,0.42,0.18,0.04,0.12,0,0.3,0,0.06,0.42,0.72,0.06,0.46846,0.26631,0.9548,
0.00982014,0,0.74,0.32,0.08,0.9,0,0.08,0.06,0.77982,0.12,0.66417,0.18,0.22,0.66,0.06,0.06,0.48,0.9,0.06,0.78,0.36,0.9,0.42,0.18,0.02,0.24,0,0.3,0.12,0.18,0.52,0.6,0.18,0.36864,0.29262,0.97854,
0.00984014,0.12,0.84,0.3,0.06,0.9,0.1,0.06,0,0.67695,0.12,0.57048,0.06,0.08,0.78,0.06,0.06,0.36,0.9,0.16,0.66,0.48,0,0.42,0.3,0.04,0.36,0.12,0.18,0.24,0.06,0.5,0.6,0.3,0.50882,0.31893,1.00228,
0.00984028,0.12,0.84,0.3,0.06,0.9,0.1,0.06,0,0.67695,0.12,0.57048,0.06,0.08,0.78,0.06,0.06,0.36,0.9,0.16,0.66,0.48,0,0.42,0.3,0.04,0.36,0.12,0.18,0.24,0.06,0.5,0.6,0.3,0.50882,0.31893,0,
0.00986014,0.12,0.82,0.28,0,0.9,0.08,0.16,0.06,0.81408,0.24,0.59679,0.06,0.06,0.9,0,0.06,0.24,0.78,0.14,0.54,0.48,0,0.3,0.18,0.14,0.36,0,0.18,0.36,0,0.6,0.6,0.18,0.409,0.34524,0,
0.00988014,0,0.68,0.38,0,0.9,0.06,0.02,0.06,0.83121,0.24,0.6231,0.06,0.04,0.9,0,0.06,0.24,0.78,0,0.42,0.6,0.12,0.3,0.18,0.12,0.24,0,0.06,0.48,0.06,0.7,0.6,0.18,0.42918,0.25155,0.06,
0.00990014,0,0.78,0.36,0.1,0.9,0.04,0,0.18,0.84834,0.12,0.64941,0.06,0.04,0,0,0.06,0.12,0.9,0.04,0.42,0.48,0.24,0.3,0.06,0,0.24,0,0.06,0.48,0.06,0.68,0.48,0.06,0.44936,0.15786,0.06,
0.00990014,0,0.78,0.36,0.1,0.9,0.04,0,0.18,0.84834,0.12,0.64941,0.06,0.04,0,0,0.06,0.12,0.9,0.04,0.42,0.48,0.24,0.3,0.06,0,0.24,0,0.06,0.48,0.06,0.68,0.48,0.06,0.44936,0.15786,0.06,
0.00992014,0,0.76,0.46,0.08,0.78,0.02,0.04,0.3,0.74547,0.24,0.79572,0.18,0,0.12,0,0,0.12,0.78,0.14,0.42,0.48,0.12,0.3,0.18,0.04,0.12,0.12,0.06,0.48,0.06,0.66,0.48,0.18,0.46954,0.18417,0.06,
0.00994014,0.12,0.74,0.44,0.18,0.9,0.12,0.02,0.18,0.7626,0.36,0.82203,0.18,0.04,0,0.06,0.06,0.24,0.78,0.24,0.42,0.48,0,0.18,0.18,0,0.24,0.12,0.06,0.48,0.06,0.52,0.6,0.18,0.48972,0.21048,0.06,
0.00996014,0.24,0.72,0.3,0.28,0,0.1,0.04,0.18,0.77973,0.24,0.96834,0.18,0,0,0,0,0.24,0.66,0.22,0.42,0.48,0,0.3,0.3,0.04,0.24,0,0.18,0.48,0.06,0.62,0.6,0.18,0.3899,0.23679,0.06,
0.00998014,0.24,0.82,0.16,0.14,0,0.08,0.04,0.3,0.91686,0.12,0.99465,0.3,0,0,0,0,0.12,0.54,0.32,0.3,0.48,0.12,0.3,0.42,0.14,0.24,0,0.3,0.6,0.06,0.48,0.72,0.18,0.41008,0.2631,0.18,
0.00999014,0.18,0.88,0.1,0.08,0.06,0.02,0,0.36,0.97686,0.06,0,0.24,0,0.06,0,0.06,0.06,0.6,0.38,0.36,0.42,0.06,0.24,0.36,0.08,0.18,0,0.36,0.54,0.12,0.42,0.66,0.24,0.35008,0.3231,0.12,
